id,name,domain,level,parent_id,classification,tactics,platforms,environments,telemetry_tags,tool_tags,detection_status,anomaly_tags,candidate_count,implementation,telemetry_status
T1001,Data Obfuscation,enterprise,technique,,cannot_simulate_yet,command-and-control,ESXi; Linux; macOS; Windows,cloud-hosted-endpoint; onprem; virtualization,Network Connection Creation; Network Traffic Content; Process Creation,evilginx2,guidance_only,,0,not_integrated,mapped
T1001.001,Junk Data,enterprise,subtechnique,T1001,cannot_simulate_yet,command-and-control,ESXi; Linux; macOS; Windows,cloud-hosted-endpoint; onprem; virtualization,Network Connection Creation; Network Traffic Content; Process Access; Process Creation,,guidance_only,,0,not_integrated,mapped
T1001.002,Steganography,enterprise,subtechnique,T1001,can_simulate,command-and-control,Linux; macOS; Windows; ESXi,cloud-hosted-endpoint; onprem; virtualization,File Creation; File Metadata; Network Connection Creation; Network Traffic Content; Process Creation,Sliver,guidance_only,,3,not_integrated,mapped
T1001.003,Protocol or Service Impersonation,enterprise,subtechnique,T1001,cannot_simulate_yet,command-and-control,ESXi; Linux; macOS; Windows,cloud-hosted-endpoint; onprem; virtualization,Network Connection Creation; Network Traffic Content; Process Creation; Process Metadata,Cobalt Strike,rule_source_available,,0,not_integrated,mapped
T1003,OS Credential Dumping,enterprise,technique,,can_simulate,credential-access,Linux; macOS; Windows,cloud-hosted-endpoint; onprem,Active Directory Object Access; File Access; Process Access; Process Creation; Process Metadata,,rule_source_available,Conditional Anomaly; Edge Anomaly; Rare-Category Anomaly,7,not_integrated,mapped
T1003.001,LSASS Memory,enterprise,subtechnique,T1003,can_simulate,credential-access,Windows,cloud-hosted-endpoint; onprem,File Creation; Process Access; Process Creation; User Account Metadata; Windows Registry Key Modification,Cobalt Strike; Empire; Impacket; LaZagne; Lslsass; Mimikatz; PoshC2; PowerSploit; Pupy; SILENTTRINITY; Sliver; Windows Credential Editor,rule_source_available,,14,not_integrated,mapped
T1003.002,Security Account Manager,enterprise,subtechnique,T1003,can_simulate,credential-access,Windows,cloud-hosted-endpoint; onprem,File Creation; File Modification; Process Creation; Windows Registry Key Modification,Cobalt Strike; CrackMapExec; Fgdump; gsecdump; Impacket; Koadic; Mimikatz; pwdump,rule_source_available,,8,not_integrated,mapped
T1003.003,NTDS,enterprise,subtechnique,T1003,can_simulate,credential-access,Windows,cloud-hosted-endpoint; onprem,File Creation; File Modification; Process Creation; Volume Creation,CrackMapExec; esentutl; Impacket; Koadic,rule_source_available,,11,not_integrated,mapped
T1003.004,LSA Secrets,enterprise,subtechnique,T1003,can_simulate,credential-access,Windows,cloud-hosted-endpoint; onprem,File Modification; Module Load; Process Access; Process Creation,AADInternals; CrackMapExec; gsecdump; Impacket; LaZagne; Mimikatz; Pupy,rule_source_available,,2,not_integrated,mapped
T1003.005,Cached Domain Credentials,enterprise,subtechnique,T1003,can_simulate,credential-access,Windows; Linux,cloud-hosted-endpoint; onprem,File Access; Process Access; Process Creation,Cachedump; LaZagne; Pupy,rule_source_available,,1,not_integrated,mapped
T1003.006,DCSync,enterprise,subtechnique,T1003,can_simulate,credential-access,Windows,cloud-hosted-endpoint; onprem,Active Directory Object Access; Active Directory Object Deletion; Network Traffic Content,Mimikatz,rule_source_available,,2,not_integrated,mapped
T1003.007,Proc Filesystem,enterprise,subtechnique,T1003,can_simulate,credential-access,Linux,cloud-hosted-endpoint; onprem,File Access; File Modification; Process Access; Process Creation,LaZagne; MimiPenguin,guidance_only,,4,not_integrated,mapped
T1003.008,/etc/passwd and /etc/shadow,enterprise,subtechnique,T1003,can_simulate,credential-access,Linux,cloud-hosted-endpoint; onprem,File Access; Process Creation,LaZagne,guidance_only,,5,not_integrated,mapped
T1005,Data from Local System,enterprise,technique,,can_simulate,collection,ESXi; Linux; macOS; Network Devices; Windows,cloud-hosted-endpoint; network-infrastructure; onprem; virtualization,Command Execution; File Access; File Creation; Process Creation,Brute Ratel C4; Cobalt Strike; esentutl; Forfiles; Koadic; MCMD; NPPSPY; Out1; PcShare; PowerSploit; QuasarRAT; TruffleHog; Wevtutil,rule_source_available,,3,not_integrated,mapped
T1006,Direct Volume Access,enterprise,technique,,can_simulate,stealth,Network Devices; Windows,cloud-hosted-endpoint; network-infrastructure; onprem,Command Execution; Process Access; Process Creation,esentutl,rule_source_available,,1,not_integrated,mapped
T1007,System Service Discovery,enterprise,technique,,can_simulate,discovery,Linux; macOS; Windows,cloud-hosted-endpoint; onprem,Command Execution; Process Creation,Cobalt Strike; Net; PoshC2; SILENTTRINITY; Tasklist,rule_source_available,,8,not_integrated,mapped
T1008,Fallback Channels,enterprise,technique,,cannot_simulate_yet,command-and-control,ESXi; Linux; macOS; Windows,cloud-hosted-endpoint; onprem; virtualization,Network Connection Creation; Network Traffic Flow,Mythic,rule_source_available,,0,not_integrated,mapped
T1010,Application Window Discovery,enterprise,technique,,can_simulate,discovery,Linux; macOS; Windows,cloud-hosted-endpoint; onprem,Command Execution; OS API Execution; Process Access; Process Creation,QuasarRAT; Remcos; SILENTTRINITY,rule_source_available,,1,not_integrated,mapped
T1011,Exfiltration Over Other Network Medium,enterprise,technique,,cannot_simulate_yet,exfiltration,Linux; macOS; Windows,cloud-hosted-endpoint; onprem,Command Execution; File Creation; Host Status; Network Connection Creation; Network Traffic Content; Network Traffic Flow; Process Creation,,guidance_only,,0,not_integrated,mapped
T1011.001,Exfiltration Over Bluetooth,enterprise,subtechnique,T1011,cannot_simulate_yet,exfiltration,Linux; macOS; Windows,cloud-hosted-endpoint; onprem,Command Execution; File Access; File Creation; Network Connection Creation; Process Creation,,guidance_only,,0,not_integrated,mapped
T1012,Query Registry,enterprise,technique,,can_simulate,discovery,Windows,cloud-hosted-endpoint; onprem,Command Execution; Process Creation; Windows Registry Key Modification,Cobalt Strike; PcShare; PowerSploit; Reg; Remcos; SILENTTRINITY,rule_source_available,,6,not_integrated,mapped
T1014,Rootkit,enterprise,technique,,can_simulate,stealth,Linux; macOS; Windows,cloud-hosted-endpoint; onprem,Driver Load; File Creation; File Modification; Module Load; Process Creation; Service Creation,HTRAN,rule_source_available,,4,not_integrated,mapped
T1016,System Network Configuration Discovery,enterprise,technique,,can_simulate,discovery,ESXi; Linux; macOS; Network Devices; Windows,cloud-hosted-endpoint; network-infrastructure; onprem; virtualization,Command Execution; Process Creation,AdFind; Arp; AsyncRAT; Cobalt Strike; CrackMapExec; Empire; evilginx2; ifconfig; ipconfig; Koadic; NBTscan; nbtstat; Nltest; PcShare; PoshC2; Pupy; QuasarRAT; route; ShimRatReporter; Sliver,rule_source_available,,10,not_integrated,mapped
T1016.001,Internet Connection Discovery,enterprise,subtechnique,T1016,can_simulate,discovery,Windows; Linux; macOS; ESXi,cloud-hosted-endpoint; onprem; virtualization,Command Execution; Network Connection Creation; Process Creation; Script Execution,,guidance_only,,5,not_integrated,mapped
T1016.002,Wi-Fi Discovery,enterprise,subtechnique,T1016,can_simulate,discovery,Linux; Windows; macOS,cloud-hosted-endpoint; onprem,Command Execution; File Access; Process Creation,,guidance_only,,1,not_integrated,mapped
T1018,Remote System Discovery,enterprise,technique,,can_simulate,discovery,ESXi; Linux; macOS; Network Devices; Windows,cloud-hosted-endpoint; network-infrastructure; onprem; virtualization,Command Execution; File Access; Network Connection Creation; Process Creation,AdFind; Arp; BloodHound; Cobalt Strike; CrackMapExec; NBTscan; Net; Nltest; Ping; ROADTools; SILENTTRINITY,rule_source_available,,23,not_integrated,mapped
T1020,Automated Exfiltration,enterprise,technique,,can_simulate,exfiltration,Linux; macOS; Network Devices; Windows,cloud-hosted-endpoint; network-infrastructure; onprem,Network Connection Creation; Process Creation; Scheduled Job Creation,Empire; ShimRatReporter,rule_source_available,,2,not_integrated,mapped
T1020.001,Traffic Duplication,enterprise,subtechnique,T1020,cannot_simulate_yet,exfiltration,Network Devices; IaaS,cloud; network-infrastructure,Network Connection Creation; Network Traffic Flow,,guidance_only,,0,not_integrated,mapped
T1021,Remote Services,enterprise,technique,,cannot_simulate_yet,lateral-movement,Linux; macOS; Windows; IaaS; ESXi,cloud; cloud-hosted-endpoint; onprem; virtualization,Command Execution; Logon Session Creation; Network Connection Creation; Process Creation,Brute Ratel C4,rule_source_available,Edge Anomaly; Fan-Out Anomaly; Graph-Path-Length Anomaly,0,not_integrated,mapped
T1021.001,Remote Desktop Protocol,enterprise,subtechnique,T1021,can_simulate,lateral-movement,Windows,cloud-hosted-endpoint; onprem,Logon Session Creation; Logon Session Metadata; Network Connection Creation; Process Creation,Cobalt Strike; Imminent Monitor; Koadic; Pupy; QuasarRAT,rule_source_available,,4,not_integrated,mapped
T1021.002,SMB/Windows Admin Shares,enterprise,subtechnique,T1021,can_simulate,lateral-movement,Windows,cloud-hosted-endpoint; onprem,Logon Session Creation; Network Connection Creation; Process Creation,Brute Ratel C4; Cobalt Strike; Net; PsExec,rule_source_available,,4,not_integrated,mapped
T1021.003,Distributed Component Object Model,enterprise,subtechnique,T1021,can_simulate,lateral-movement,Windows,cloud-hosted-endpoint; onprem,Logon Session Creation; Module Load; Network Connection Creation; Process Creation,Cobalt Strike; Empire; SILENTTRINITY,rule_source_available,,2,not_integrated,mapped
T1021.004,SSH,enterprise,subtechnique,T1021,cannot_simulate_yet,lateral-movement,ESXi; Linux; macOS,cloud-hosted-endpoint; onprem; virtualization,Command Execution; Logon Session Creation; Logon Session Metadata; Network Traffic Content; Network Traffic Flow; Process Creation,Cobalt Strike; Empire,rule_source_available,,0,not_integrated,mapped
T1021.005,VNC,enterprise,subtechnique,T1021,can_simulate,lateral-movement,Linux; Windows; macOS,cloud-hosted-endpoint; onprem,Logon Session Creation; Logon Session Metadata; Network Traffic Flow; Process Creation,,rule_source_available,,1,not_integrated,mapped
T1021.006,Windows Remote Management,enterprise,subtechnique,T1021,can_simulate,lateral-movement,Windows,cloud-hosted-endpoint; onprem,Logon Session Creation; Network Traffic Flow; Process Creation; Service Metadata,Brute Ratel C4; Cobalt Strike; SILENTTRINITY,rule_source_available,,3,not_integrated,mapped
T1021.007,Cloud Services,enterprise,subtechnique,T1021,cannot_simulate_yet,lateral-movement,IaaS; Identity Provider; Office Suite; SaaS,cloud; identity; onprem; saas,Command Execution; File Access; Logon Session Creation,,rule_source_available,,0,not_integrated,mapped
T1021.008,Direct Cloud VM Connections,enterprise,subtechnique,T1021,cannot_simulate_yet,lateral-movement,IaaS,cloud,Logon Session Creation; Process Creation,,guidance_only,,0,not_integrated,mapped
T1025,Data from Removable Media,enterprise,technique,,can_simulate,collection,Linux; macOS; Windows,cloud-hosted-endpoint; onprem,Drive Creation; File Access; Process Creation,,guidance_only,,1,not_integrated,mapped
T1027,Obfuscated Files or Information,enterprise,technique,,can_simulate,stealth,ESXi; Linux; macOS; Network Devices; Windows,cloud-hosted-endpoint; network-infrastructure; onprem; virtualization,Command Execution; File Creation; File Metadata; File Modification; Network Traffic Content; OS API Execution; Process Creation,Brute Ratel C4; CARROTBALL; Cobalt Strike; Imminent Monitor; MCMD; Out1; Remcos; ShimRatReporter; Sliver,rule_source_available,Distribution-Shift Anomaly; Entropy Anomaly; Tail Anomaly,11,not_integrated,mapped
T1027.001,Binary Padding,enterprise,subtechnique,T1027,can_simulate,stealth,Linux; macOS; Windows,cloud-hosted-endpoint; onprem,File Access; File Creation; Process Creation,,rule_source_available,,2,not_integrated,mapped
T1027.002,Software Packing,enterprise,subtechnique,T1027,can_simulate,stealth,Linux; macOS; Windows,cloud-hosted-endpoint; onprem,Process Access; Process Creation; Process Modification,CSPY Downloader; Donut,rule_source_available,,4,not_integrated,mapped
T1027.003,Steganography,enterprise,subtechnique,T1027,cannot_simulate_yet,stealth,Linux; macOS; Windows,cloud-hosted-endpoint; onprem,File Access; Network Connection Creation; Process Creation,Invoke-PSImage,rule_source_available,,0,not_integrated,mapped
T1027.004,Compile After Delivery,enterprise,subtechnique,T1027,can_simulate,stealth,Linux; macOS; Windows,cloud-hosted-endpoint; onprem,File Creation; Network Connection Creation; Process Creation,Sliver,rule_source_available,,5,not_integrated,mapped
T1027.005,Indicator Removal from Tools,enterprise,subtechnique,T1027,cannot_simulate_yet,stealth,Linux; macOS; Windows,cloud-hosted-endpoint; onprem,Application Log Content; File Creation; File Metadata; Process Creation; Process Modification,Cobalt Strike; PowerSploit,rule_source_available,,0,not_integrated,mapped
T1027.006,HTML Smuggling,enterprise,subtechnique,T1027,can_simulate,stealth,Linux; macOS; Windows,cloud-hosted-endpoint; onprem,File Creation; File Metadata; Network Traffic Content; Process Creation,,guidance_only,,1,not_integrated,mapped
T1027.007,Dynamic API Resolution,enterprise,subtechnique,T1027,can_simulate,stealth,Windows,cloud-hosted-endpoint; onprem,Module Load; OS API Execution; Process Creation,Brute Ratel C4,guidance_only,,1,not_integrated,mapped
T1027.008,Stripped Payloads,enterprise,subtechnique,T1027,cannot_simulate_yet,stealth,Linux; macOS; Network Devices; Windows,cloud-hosted-endpoint; network-infrastructure; onprem,File Creation; File Metadata; File Modification; Network Traffic Content; Process Creation,,guidance_only,,0,not_integrated,mapped
T1027.009,Embedded Payloads,enterprise,subtechnique,T1027,cannot_simulate_yet,stealth,Linux; macOS; Windows,cloud-hosted-endpoint; onprem,File Access; File Creation; File Metadata; File Modification; Process Creation,Invoke-PSImage,rule_source_available,,0,not_integrated,mapped
T1027.010,Command Obfuscation,enterprise,subtechnique,T1027,cannot_simulate_yet,stealth,Linux; macOS; Windows,cloud-hosted-endpoint; onprem,Command Execution; Process Creation,Empire; PowerSploit,rule_source_available,,0,not_integrated,mapped
T1027.011,Fileless Storage,enterprise,subtechnique,T1027,cannot_simulate_yet,stealth,Linux; Windows,cloud-hosted-endpoint; onprem,File Creation; File Metadata; WMI Creation; Windows Registry Key Modification,,rule_source_available,,0,not_integrated,mapped
T1027.012,LNK Icon Smuggling,enterprise,subtechnique,T1027,cannot_simulate_yet,stealth,Windows,cloud-hosted-endpoint; onprem,File Metadata; Network Connection Creation; Process Creation,,guidance_only,,0,not_integrated,mapped
T1027.013,Encrypted/Encoded File,enterprise,subtechnique,T1027,can_simulate,stealth,Linux; macOS; Windows,cloud-hosted-endpoint; onprem,Command Execution; Module Load; Network Connection Creation; Process Access; Process Creation; Process Modification,DCRAT; Donut; IronNetInjector; PcShare; Remcos; Sliver,guidance_only,,4,not_integrated,mapped
T1027.014,Polymorphic Code,enterprise,subtechnique,T1027,cannot_simulate_yet,stealth,Linux; macOS; Windows,cloud-hosted-endpoint; onprem,File Creation; File Modification; Module Load; Process Access; Process Creation; Process Metadata; Process Modification,,guidance_only,,0,not_integrated,mapped
T1027.015,Compression,enterprise,subtechnique,T1027,cannot_simulate_yet,stealth,Linux; macOS; Windows,cloud-hosted-endpoint; onprem,File Access; File Creation; File Metadata; File Modification; Process Creation,Donut; PcShare,guidance_only,,0,not_integrated,mapped
T1027.016,Junk Code Insertion,enterprise,subtechnique,T1027,cannot_simulate_yet,stealth,Linux; macOS; Windows,cloud-hosted-endpoint; onprem,File Creation; Process Access; Process Creation; Process Modification,,guidance_only,,0,not_integrated,mapped
T1027.017,SVG Smuggling,enterprise,subtechnique,T1027,cannot_simulate_yet,stealth,Linux; macOS; Windows,cloud-hosted-endpoint; onprem,File Creation; File Modification; Network Connection Creation; Network Traffic Content; Process Creation,,guidance_only,,0,not_integrated,mapped
T1027.018,Invisible Unicode,enterprise,subtechnique,T1027,can_simulate,stealth,Linux; macOS; Windows,cloud-hosted-endpoint; onprem,Command Execution; File Access; File Creation; File Metadata; Module Load; Network Connection Creation; Process Creation; Script Execution,,guidance_only,,3,not_integrated,mapped
T1029,Scheduled Transfer,enterprise,technique,,cannot_simulate_yet,exfiltration,Linux; macOS; Windows,cloud-hosted-endpoint; onprem,Network Connection Creation; Network Traffic Flow; Process Creation; Scheduled Job Metadata,Cobalt Strike,guidance_only,,0,not_integrated,mapped
T1030,Data Transfer Size Limits,enterprise,technique,,can_simulate,exfiltration,Linux; macOS; Windows; ESXi,cloud-hosted-endpoint; onprem; virtualization,Network Connection Creation; Network Traffic Flow,Cobalt Strike; Mythic; Rclone,rule_source_available,Autocorrelation Anomaly; Periodicity Anomaly; Persistent Anomaly,2,not_integrated,mapped
T1033,System Owner/User Discovery,enterprise,technique,,can_simulate,discovery,Linux; macOS; Network Devices; Windows,cloud-hosted-endpoint; network-infrastructure; onprem,Command Execution; OS API Execution; Process Creation,AsyncRAT; BloodHound; Empire; Koadic; NBTscan; Pupy; QuasarRAT; Remcos; SILENTTRINITY,rule_source_available,,8,not_integrated,mapped
T1036,Masquerading,enterprise,technique,,can_simulate,stealth,Containers; ESXi; Linux; macOS; Windows,cloud-hosted-endpoint; containers; onprem; virtualization,Command Execution; File Metadata; File Modification; Image Metadata; Process Creation; Process Metadata; Service Creation; Service Metadata,,rule_source_available,Category-Combination Anomaly; Conditional Anomaly; Multivariate Combination Anomaly,2,not_integrated,mapped
T1036.001,Invalid Code Signature,enterprise,subtechnique,T1036,cannot_simulate_yet,stealth,macOS; Windows,cloud-hosted-endpoint; onprem,Command Execution; File Metadata; File Modification; Process Creation,PcShare,guidance_only,,0,not_integrated,mapped
T1036.002,Right-to-Left Override,enterprise,subtechnique,T1036,can_simulate,stealth,Linux; macOS; Windows,cloud-hosted-endpoint; onprem,Command Execution; File Access; File Metadata; Process Creation,,rule_source_available,,2,not_integrated,mapped
T1036.003,Rename Legitimate Utilities,enterprise,subtechnique,T1036,can_simulate,stealth,Linux; macOS; Windows,cloud-hosted-endpoint; onprem,Command Execution; File Creation; File Metadata; File Modification; Process Creation; Process Metadata,,rule_source_available,,8,not_integrated,mapped
T1036.004,Masquerade Task or Service,enterprise,subtechnique,T1036,can_simulate,stealth,Linux; macOS; Windows,cloud-hosted-endpoint; onprem,Process Creation; Scheduled Job Creation; Scheduled Job Metadata; Scheduled Job Modification; Service Creation; Service Metadata,CSPY Downloader; IronNetInjector,rule_source_available,,4,not_integrated,mapped
T1036.005,Match Legitimate Resource Name or Location,enterprise,subtechnique,T1036,can_simulate,stealth,Containers; ESXi; Linux; macOS; Windows,cloud-hosted-endpoint; containers; onprem; virtualization,File Access; File Creation; File Metadata; Image Metadata; Module Load; Process Creation; Process Metadata; Process Modification; Scheduled Job Creation; Service Metadata,Brute Ratel C4; MCMD; PcShare; ShimRatReporter,rule_source_available,,3,not_integrated,mapped
T1036.006,Space after Filename,enterprise,subtechnique,T1036,can_simulate,stealth,Linux; macOS,cloud-hosted-endpoint; onprem,File Access; File Metadata; Process Creation,,rule_source_available,,2,not_integrated,mapped
T1036.007,Double File Extension,enterprise,subtechnique,T1036,can_simulate,stealth,Windows,cloud-hosted-endpoint; onprem,File Creation; Process Creation,,rule_source_available,,1,not_integrated,mapped
T1036.008,Masquerade File Type,enterprise,subtechnique,T1036,can_simulate,stealth,Linux; macOS; Windows,cloud-hosted-endpoint; onprem,File Creation; File Metadata; Process Creation,Brute Ratel C4,guidance_only,,1,not_integrated,mapped
T1036.009,Break Process Trees,enterprise,subtechnique,T1036,cannot_simulate_yet,stealth,Linux; macOS,cloud-hosted-endpoint; onprem,OS API Execution; Process Creation,,guidance_only,,0,not_integrated,mapped
T1036.010,Masquerade Account Name,enterprise,subtechnique,T1036,cannot_simulate_yet,stealth,Containers; IaaS; Identity Provider; Linux; macOS; Office Suite; SaaS; Windows,cloud; cloud-hosted-endpoint; containers; identity; onprem; saas,User Account Creation; User Account Metadata; User Account Modification,,guidance_only,,0,not_integrated,mapped
T1036.011,Overwrite Process Arguments,enterprise,subtechnique,T1036,cannot_simulate_yet,stealth,Linux,cloud-hosted-endpoint; onprem,Process Metadata; Process Modification,,guidance_only,,0,not_integrated,mapped
T1036.012,Browser Fingerprint,enterprise,subtechnique,T1036,cannot_simulate_yet,stealth,Linux; macOS; Windows,cloud-hosted-endpoint; onprem,Network Connection Creation; Network Traffic Content; OS API Execution; Process Creation,,guidance_only,,0,not_integrated,mapped
T1037,Boot or Logon Initialization Scripts,enterprise,technique,,cannot_simulate_yet,persistence; privilege-escalation,ESXi; Linux; macOS; Network Devices; Windows,cloud-hosted-endpoint; network-infrastructure; onprem; virtualization,File Access; File Metadata; File Modification; Process Creation; Scheduled Job Creation; Script Execution; Service Metadata; Windows Registry Key Modification,,guidance_only,,0,not_integrated,mapped
T1037.001,Logon Script (Windows),enterprise,subtechnique,T1037,can_simulate,persistence; privilege-escalation,Windows,cloud-hosted-endpoint; onprem,File Access; Logon Session Creation; Process Creation; Script Execution,,rule_source_available,,1,not_integrated,mapped
T1037.002,Login Hook,enterprise,subtechnique,T1037,can_simulate,persistence; privilege-escalation,macOS,onprem,File Modification; Process Creation,,guidance_only,,1,not_integrated,mapped
T1037.003,Network Logon Script,enterprise,subtechnique,T1037,cannot_simulate_yet,persistence; privilege-escalation,Windows,cloud-hosted-endpoint; onprem,Network Share Access; Process Creation; Script Execution,,guidance_only,,0,not_integrated,mapped
T1037.004,RC Scripts,enterprise,subtechnique,T1037,can_simulate,persistence; privilege-escalation,macOS; Linux; Network Devices; ESXi,cloud-hosted-endpoint; network-infrastructure; onprem; virtualization,Command Execution; File Creation; File Modification; Process Creation; Script Execution,,guidance_only,,3,not_integrated,mapped
T1037.005,Startup Items,enterprise,subtechnique,T1037,can_simulate,persistence; privilege-escalation,macOS,onprem,File Creation; Process Creation,,rule_source_available,,3,not_integrated,mapped
T1039,Data from Network Shared Drive,enterprise,technique,,can_simulate,collection,Linux; macOS; Windows,cloud-hosted-endpoint; onprem,Drive Access; File Access; File Creation; Network Share Access,,rule_source_available,,2,not_integrated,mapped
T1040,Network Sniffing,enterprise,technique,,can_simulate,credential-access; discovery,IaaS; Linux; macOS; Network Devices; Windows,cloud; cloud-hosted-endpoint; network-infrastructure; onprem,Cloud Service Modification; Command Execution; Network Traffic Content; Process Creation; Service Creation; User Account Authentication,Empire; Impacket; NBTscan; PoshC2; Responder,rule_source_available,,16,not_integrated,mapped
T1041,Exfiltration Over C2 Channel,enterprise,technique,,can_simulate,exfiltration,ESXi; Linux; macOS; Windows,cloud-hosted-endpoint; onprem; virtualization,File Access; Network Connection Creation; Network Traffic Content; Network Traffic Flow; Process Creation,Empire; Imminent Monitor; PcShare; Pupy; ShimRatReporter; SILENTTRINITY; Sliver,rule_source_available,Edge Anomaly; Tail Anomaly; Volume Anomaly,2,not_integrated,mapped
T1046,Network Service Discovery,enterprise,technique,,can_simulate,discovery,Containers; IaaS; Linux; macOS; Network Devices; Windows,cloud; cloud-hosted-endpoint; containers; network-infrastructure; onprem,Network Connection Creation; Network Traffic Content; Network Traffic Flow; Process Creation,Brute Ratel C4; Cobalt Strike; Empire; FRP; Koadic; NBTscan; Nmap; Peirates; PoshC2; Pupy; SILENTTRINITY,rule_source_available,Fan-Out Anomaly; Graph-Evolution Anomaly; Rate Anomaly,13,not_integrated,mapped
T1047,Windows Management Instrumentation,enterprise,technique,,can_simulate,execution,Windows,cloud-hosted-endpoint; onprem,Network Connection Creation; Process Creation; WMI Creation,Brute Ratel C4; Cobalt Strike; Covenant; CrackMapExec; Empire; Impacket; Koadic; PoshC2; PowerSploit; SILENTTRINITY,rule_source_available,,12,not_integrated,mapped
T1048,Exfiltration Over Alternative Protocol,enterprise,technique,,can_simulate,exfiltration,ESXi; IaaS; Linux; macOS; Network Devices; Office Suite; SaaS; Windows,cloud; cloud-hosted-endpoint; network-infrastructure; onprem; saas; virtualization,Cloud Storage Access; Command Execution; File Access; File Creation; File Modification; Network Connection Creation; Network Traffic Content; Network Traffic Flow; Process Creation,AADInternals,rule_source_available,,4,not_integrated,mapped
T1048.001,Exfiltration Over Symmetric Encrypted Non-C2 Protocol,enterprise,subtechnique,T1048,cannot_simulate_yet,exfiltration,Linux; macOS; Windows; ESXi,cloud-hosted-endpoint; onprem; virtualization,Command Execution; Network Connection Creation; Network Traffic Content; Network Traffic Flow; Process Creation,,rule_source_available,,0,not_integrated,mapped
T1048.002,Exfiltration Over Asymmetric Encrypted Non-C2 Protocol,enterprise,subtechnique,T1048,can_simulate,exfiltration,ESXi; Linux; macOS; Windows,cloud-hosted-endpoint; onprem; virtualization,Command Execution; File Access; Network Connection Creation; Network Traffic Content; Network Traffic Flow; Process Creation,Rclone,guidance_only,,4,not_integrated,mapped
T1048.003,Exfiltration Over Unencrypted Non-C2 Protocol,enterprise,subtechnique,T1048,can_simulate,exfiltration,ESXi; Linux; macOS; Network Devices; Windows,cloud-hosted-endpoint; network-infrastructure; onprem; virtualization,Command Execution; File Access; Network Connection Creation; Network Traffic Content; Network Traffic Flow; Process Creation,BITSAdmin; ftp; Rclone,rule_source_available,,8,not_integrated,mapped
T1049,System Network Connections Discovery,enterprise,technique,,can_simulate,discovery,ESXi; IaaS; Linux; macOS; Network Devices; Windows,cloud; cloud-hosted-endpoint; network-infrastructure; onprem; virtualization,Command Execution; Network Traffic Content; OS API Execution; Process Creation,Cobalt Strike; CrackMapExec; Empire; FRP; nbtstat; Net; netstat; Pacu; PoshC2; Pupy; ShimRatReporter; Sliver,rule_source_available,,7,not_integrated,mapped
T1052,Exfiltration Over Physical Medium,enterprise,technique,,cannot_simulate_yet,exfiltration,Linux; macOS; Windows,cloud-hosted-endpoint; onprem,Command Execution; Drive Creation; File Access; File Creation; Process Creation,,guidance_only,,0,not_integrated,mapped
T1052.001,Exfiltration over USB,enterprise,subtechnique,T1052,cannot_simulate_yet,exfiltration,Linux; Windows; macOS,cloud-hosted-endpoint; onprem,Drive Creation; File Access; File Creation; Process Creation,,guidance_only,,0,not_integrated,mapped
T1053,Scheduled Task/Job,enterprise,technique,,cannot_simulate_yet,execution; persistence; privilege-escalation,Containers; ESXi; Linux; macOS; Network Devices; Windows,cloud-hosted-endpoint; containers; network-infrastructure; onprem; virtualization,Command Execution; File Creation; File Modification; Process Creation; Scheduled Job Creation,,rule_source_available,Novel-Category Anomaly; Phase Anomaly; Transition Anomaly,0,not_integrated,mapped
T1053.002,At,enterprise,subtechnique,T1053,can_simulate,execution; persistence; privilege-escalation,Windows; Linux; macOS,cloud-hosted-endpoint; onprem,Command Execution; File Modification; Process Creation; Scheduled Job Creation,at; CrackMapExec,rule_source_available,,2,not_integrated,mapped
T1053.003,Cron,enterprise,subtechnique,T1053,can_simulate,execution; persistence; privilege-escalation,Linux; macOS; ESXi,cloud-hosted-endpoint; onprem; virtualization,File Modification; Process Creation; Scheduled Job Creation,,rule_source_available,,4,not_integrated,mapped
T1053.005,Scheduled Task,enterprise,subtechnique,T1053,can_simulate,execution; persistence; privilege-escalation,Windows,cloud-hosted-endpoint; onprem,File Creation; Process Creation; Scheduled Job Creation; Scheduled Job Modification; Windows Registry Key Modification,AsyncRAT; CSPY Downloader; Empire; IronNetInjector; Koadic; MCMD; PowerSploit; QuasarRAT; schtasks,rule_source_available,,14,not_integrated,mapped
T1053.006,Systemd Timers,enterprise,subtechnique,T1053,can_simulate,execution; persistence; privilege-escalation,Linux,cloud-hosted-endpoint; onprem,File Creation; Process Creation; Scheduled Job Creation,,guidance_only,,3,not_integrated,mapped
T1053.007,Container Orchestration Job,enterprise,subtechnique,T1053,can_simulate,execution; persistence; privilege-escalation,Containers,containers,Container Creation; Network Traffic Content; Scheduled Job Creation,,guidance_only,,2,not_integrated,mapped
T1055,Process Injection,enterprise,technique,,can_simulate,privilege-escalation; stealth,Linux; macOS; Windows,cloud-hosted-endpoint; onprem,File Access; Module Load; OS API Execution; Process Access; Process Creation; Process Metadata; Process Modification,Cobalt Strike; Donut; Empire; HTRAN; IronNetInjector; PcShare; PoshC2; Remcos; SILENTTRINITY; Sliver,rule_source_available,Edge Anomaly; Subgraph Anomaly; Transition Anomaly,13,not_integrated,mapped
T1055.001,Dynamic-link Library Injection,enterprise,subtechnique,T1055,can_simulate,privilege-escalation; stealth,Windows,cloud-hosted-endpoint; onprem,Module Load; Named Pipe Metadata; Process Access; Process Creation,Cobalt Strike; IronNetInjector; Koadic; PowerSploit; Pupy,rule_source_available,,2,not_integrated,mapped
T1055.002,Portable Executable Injection,enterprise,subtechnique,T1055,can_simulate,privilege-escalation; stealth,Windows,cloud-hosted-endpoint; onprem,File Creation; Process Access; Process Creation; Process Modification,Brute Ratel C4,guidance_only,,1,not_integrated,mapped
T1055.003,Thread Execution Hijacking,enterprise,subtechnique,T1055,can_simulate,privilege-escalation; stealth,Windows,cloud-hosted-endpoint; onprem,OS API Execution; Process Access; Process Creation; Process Modification,,rule_source_available,,1,not_integrated,mapped
T1055.004,Asynchronous Procedure Call,enterprise,subtechnique,T1055,can_simulate,privilege-escalation; stealth,Windows,cloud-hosted-endpoint; onprem,OS API Execution; Process Access; Process Creation; Process Modification,,guidance_only,,3,not_integrated,mapped
T1055.005,Thread Local Storage,enterprise,subtechnique,T1055,cannot_simulate_yet,privilege-escalation; stealth,Windows,cloud-hosted-endpoint; onprem,Module Load; OS API Execution; Process Access; Process Modification,,guidance_only,,0,not_integrated,mapped
T1055.008,Ptrace System Calls,enterprise,subtechnique,T1055,cannot_simulate_yet,privilege-escalation; stealth,Linux,cloud-hosted-endpoint; onprem,OS API Execution; Process Creation; Process Metadata,,guidance_only,,0,not_integrated,mapped
T1055.009,Proc Memory,enterprise,subtechnique,T1055,can_simulate,privilege-escalation; stealth,Linux,cloud-hosted-endpoint; onprem,File Access; File Modification; OS API Execution,,rule_source_available,,6,not_integrated,mapped
T1055.011,Extra Window Memory Injection,enterprise,subtechnique,T1055,can_simulate,privilege-escalation; stealth,Windows,cloud-hosted-endpoint; onprem,OS API Execution; Process Access; Process Creation,,rule_source_available,,1,not_integrated,mapped
T1055.012,Process Hollowing,enterprise,subtechnique,T1055,can_simulate,privilege-escalation; stealth,Windows,cloud-hosted-endpoint; onprem,OS API Execution; Process Access; Process Creation; Process Modification,Cobalt Strike,rule_source_available,,4,not_integrated,mapped
T1055.013,Process Doppelgänging,enterprise,subtechnique,T1055,cannot_simulate_yet,privilege-escalation; stealth,Windows,cloud-hosted-endpoint; onprem,File Creation; OS API Execution; Process Access; Process Creation,,guidance_only,,0,not_integrated,mapped
T1055.014,VDSO Hijacking,enterprise,subtechnique,T1055,cannot_simulate_yet,privilege-escalation; stealth,Linux,cloud-hosted-endpoint; onprem,Module Load; OS API Execution; Process Creation; Process Modification,,guidance_only,,0,not_integrated,mapped
T1055.015,ListPlanting,enterprise,subtechnique,T1055,can_simulate,privilege-escalation; stealth,Windows,cloud-hosted-endpoint; onprem,OS API Execution; Process Access; Process Creation; Process Modification,,guidance_only,,1,not_integrated,mapped
T1056,Input Capture,enterprise,technique,,cannot_simulate_yet,collection; credential-access,Linux; macOS; Network Devices; Windows,cloud-hosted-endpoint; network-infrastructure; onprem,File Access; File Modification; Network Connection Creation; Network Traffic Content; OS API Execution; Process Access; Process Creation; Process Metadata,NPPSPY,rule_source_available,,0,not_integrated,mapped
T1056.001,Keylogging,enterprise,subtechnique,T1056,can_simulate,collection; credential-access,Linux; macOS; Network Devices; Windows,cloud-hosted-endpoint; network-infrastructure; onprem,File Access; Firmware Modification; Network Traffic Content; OS API Execution; Process Access; Process Creation; Process Metadata; Service Creation; Windows Registry Key Modification,AsyncRAT; Cobalt Strike; DCRAT; Empire; Imminent Monitor; PcShare; PoshC2; PowerSploit; Pupy; QuasarRAT; Remcos; SILENTTRINITY,rule_source_available,,8,not_integrated,mapped
T1056.002,GUI Input Capture,enterprise,subtechnique,T1056,can_simulate,collection; credential-access,Linux; macOS; Windows,cloud-hosted-endpoint; onprem,Command Execution; Process Creation; Script Execution,SILENTTRINITY,rule_source_available,,3,not_integrated,mapped
T1056.003,Web Portal Capture,enterprise,subtechnique,T1056,cannot_simulate_yet,collection; credential-access,Linux; macOS; Windows,cloud-hosted-endpoint; onprem,File Creation; File Modification; Network Traffic Content,,guidance_only,,0,not_integrated,mapped
T1056.004,Credential API Hooking,enterprise,subtechnique,T1056,can_simulate,collection; credential-access,Windows; Linux; macOS,cloud-hosted-endpoint; onprem,File Access; Module Load; Process Access; Process Creation; Process Modification,Empire,guidance_only,,1,not_integrated,mapped
T1057,Process Discovery,enterprise,technique,,can_simulate,discovery,ESXi; Linux; macOS; Network Devices; Windows,cloud-hosted-endpoint; network-infrastructure; onprem; virtualization,Command Execution; File Access; Process Access; Process Creation; Process Metadata,AsyncRAT; Brute Ratel C4; Cobalt Strike; Donut; Empire; Imminent Monitor; IronNetInjector; PcShare; PowerSploit; Pupy; Remcos; ShimRatReporter; SILENTTRINITY; Tasklist,rule_source_available,,10,not_integrated,mapped
T1059,Command and Scripting Interpreter,enterprise,technique,,can_simulate,execution,Containers; ESXi; IaaS; Identity Provider; Linux; macOS; Network Devices; Office Suite; SaaS; Windows,cloud; cloud-hosted-endpoint; containers; identity; network-infrastructure; onprem; saas; virtualization,Command Execution; Process Creation; User Account Authentication,Donut; Empire; Imminent Monitor,rule_source_available,Edge Anomaly; Rare-Category Anomaly; Self-Baseline Anomaly,1,not_integrated,mapped
T1059.001,PowerShell,enterprise,subtechnique,T1059,can_simulate,execution,Windows,cloud-hosted-endpoint; onprem,Command Execution; Module Load; Process Creation; Process Metadata,AADInternals; BloodHound; Cobalt Strike; ConnectWise; Covenant; CrackMapExec; Donut; Empire; Koadic; Mimikatz; PowerSploit; Pupy; SILENTTRINITY; Sliver,rule_source_available,Category-Combination Anomaly; Novel-Category Anomaly; Sequence-Order Anomaly,22,local_prototype_offline_tested,mapped
T1059.002,AppleScript,enterprise,subtechnique,T1059,can_simulate,execution,macOS,onprem,Process Creation,,rule_source_available,,1,not_integrated,mapped
T1059.003,Windows Command Shell,enterprise,subtechnique,T1059,can_simulate,execution,Windows,cloud-hosted-endpoint; onprem,Module Load; Process Creation; Script Execution,AsyncRAT; Brute Ratel C4; cmd; Cobalt Strike; Covenant; Diskpart; Empire; Koadic; MCMD; Out1; PcShare; QuasarRAT; Remcos; SILENTTRINITY,rule_source_available,,6,not_integrated,mapped
T1059.004,Unix Shell,enterprise,subtechnique,T1059,can_simulate,execution,ESXi; Linux; macOS; Network Devices,cloud-hosted-endpoint; network-infrastructure; onprem; virtualization,Command Execution; Logon Session Creation; Network Connection Creation; Network Traffic Flow; Process Creation; Script Execution,,rule_source_available,,17,not_integrated,mapped
T1059.005,Visual Basic,enterprise,subtechnique,T1059,can_simulate,execution,Linux; macOS; Windows,cloud-hosted-endpoint; onprem,Command Execution; Module Load; Process Creation; Script Execution,Cobalt Strike; Donut; Koadic; Remcos,rule_source_available,,3,not_integrated,mapped
T1059.006,Python,enterprise,subtechnique,T1059,can_simulate,execution,ESXi; Linux; macOS; Windows,cloud-hosted-endpoint; onprem; virtualization,Command Execution; Network Traffic Content; Process Creation; Script Execution,Cobalt Strike; Donut; IronNetInjector; Pupy; Remcos; SILENTTRINITY,rule_source_available,,4,not_integrated,mapped
T1059.007,JavaScript,enterprise,subtechnique,T1059,can_simulate,execution,Linux; macOS; Windows,cloud-hosted-endpoint; onprem,Command Execution; Module Load; Process Creation; Script Execution,Cobalt Strike; Donut; evilginx2; FRP; Remcos,rule_source_available,,5,not_integrated,mapped
T1059.008,Network Device CLI,enterprise,subtechnique,T1059,cannot_simulate_yet,execution,Network Devices,network-infrastructure,Command Execution; Network Traffic Content; User Account Authentication,,guidance_only,,0,not_integrated,mapped
T1059.009,Cloud API,enterprise,subtechnique,T1059,cannot_simulate_yet,execution,IaaS; Identity Provider; Office Suite; SaaS,cloud; identity; onprem; saas,Cloud Service Modification; Command Execution; User Account Authentication,Pacu; TruffleHog,rule_source_available,,0,not_integrated,mapped
T1059.010,AutoHotKey & AutoIT,enterprise,subtechnique,T1059,can_simulate,execution,Windows,cloud-hosted-endpoint; onprem,File Creation; Process Access; Process Creation,,guidance_only,,1,not_integrated,mapped
T1059.011,Lua,enterprise,subtechnique,T1059,cannot_simulate_yet,execution,Linux; Network Devices; Windows; macOS,cloud-hosted-endpoint; network-infrastructure; onprem,Command Execution; File Creation; File Metadata; Process Creation; Script Execution,,guidance_only,,0,not_integrated,mapped
T1059.012,Hypervisor CLI,enterprise,subtechnique,T1059,cannot_simulate_yet,execution,ESXi,onprem; virtualization,Command Execution; User Account Authentication,,rule_source_available,,0,not_integrated,mapped
T1059.013,Container CLI/API,enterprise,subtechnique,T1059,cannot_simulate_yet,execution,Containers,containers,Command Execution; Container Creation; Container Start; Pod Creation; Process Creation,,guidance_only,,0,not_integrated,mapped
T1068,Exploitation for Privilege Escalation,enterprise,technique,,can_simulate,privilege-escalation,Containers; Linux; macOS; Windows,cloud-hosted-endpoint; containers; onprem,Container Enumeration; Driver Load; Logon Session Creation; Logon Session Metadata; Module Load; Process Access; Process Creation,Cobalt Strike; Empire; PoshC2,rule_source_available,,2,not_integrated,mapped
T1069,Permission Groups Discovery,enterprise,technique,,cannot_simulate_yet,discovery,Containers; IaaS; Identity Provider; Linux; macOS; Office Suite; SaaS; Windows,cloud; cloud-hosted-endpoint; containers; identity; onprem; saas,Command Execution; Process Creation,ShimRatReporter,rule_source_available,,0,not_integrated,mapped
T1069.001,Local Groups,enterprise,subtechnique,T1069,can_simulate,discovery,Linux; macOS; Windows,cloud-hosted-endpoint; onprem,Process Creation,BloodHound; Cobalt Strike; Net; PoshC2; SILENTTRINITY,rule_source_available,,6,not_integrated,mapped
T1069.002,Domain Groups,enterprise,subtechnique,T1069,can_simulate,discovery,Linux; macOS; Windows,cloud-hosted-endpoint; onprem,Command Execution; Network Traffic Content; Process Creation,AdFind; BloodHound; Brute Ratel C4; Cobalt Strike; CrackMapExec; dsquery; Net; SILENTTRINITY,rule_source_available,,15,not_integrated,mapped
T1069.003,Cloud Groups,enterprise,subtechnique,T1069,cannot_simulate_yet,discovery,SaaS; IaaS; Office Suite; Identity Provider,cloud; identity; onprem; saas,Command Execution; Group Enumeration; Group Metadata,AADInternals; Pacu; ROADTools,rule_source_available,,0,not_integrated,mapped
T1070,Indicator Removal,enterprise,technique,,can_simulate,stealth,Containers; ESXi; Linux; macOS; Network Devices; Office Suite; Windows,cloud-hosted-endpoint; containers; network-infrastructure; onprem; virtualization,Application Log Content; File Deletion; File Metadata; File Modification; Scheduled Job Modification; Windows Registry Key Modification,CSPY Downloader; Donut; Remcos; SILENTTRINITY,rule_source_available,Conditional Anomaly; Drought or Silence Anomaly; Missing-Correspondence Anomaly,2,not_integrated,mapped
T1070.003,Clear Command History,enterprise,subtechnique,T1070,can_simulate,stealth,ESXi; Linux; macOS; Network Devices; Windows,cloud-hosted-endpoint; network-infrastructure; onprem; virtualization,Command Execution; File Deletion; File Modification; Process Creation,,rule_source_available,,14,not_integrated,mapped
T1070.004,File Deletion,enterprise,subtechnique,T1070,can_simulate,stealth,ESXi; Linux; macOS; Windows,cloud-hosted-endpoint; onprem; virtualization,Command Execution; File Access; File Deletion; File Modification; Process Creation,cmd; CSPY Downloader; Imminent Monitor; PcShare; Remcos; SDelete; SILENTTRINITY,rule_source_available,,11,not_integrated,mapped
T1070.005,Network Share Connection Removal,enterprise,subtechnique,T1070,can_simulate,stealth,Windows,cloud-hosted-endpoint; onprem,Command Execution; Logon Session Creation; Network Traffic Content; Process Creation,Net,rule_source_available,,5,not_integrated,mapped
T1070.006,Timestomp,enterprise,subtechnique,T1070,can_simulate,stealth,ESXi; Linux; macOS; Windows,cloud-hosted-endpoint; onprem; virtualization,Command Execution; File Access; File Metadata; File Modification; OS API Execution; Process Creation,Cobalt Strike; Empire,rule_source_available,,10,not_integrated,mapped
T1070.007,Clear Network Connection History and Configurations,enterprise,subtechnique,T1070,cannot_simulate_yet,stealth,Linux; macOS; Windows; Network Devices,cloud-hosted-endpoint; network-infrastructure; onprem,Command Execution; File Modification; Firewall Rule Modification; Network Traffic Content; Process Creation; Windows Registry Key Modification,,guidance_only,,0,not_integrated,mapped
T1070.008,Clear Mailbox Data,enterprise,subtechnique,T1070,can_simulate,stealth,Linux; macOS; Office Suite; Windows,cloud-hosted-endpoint; onprem,Application Log Content; Command Execution; File Deletion; File Modification; Process Creation,,guidance_only,,6,not_integrated,mapped
T1070.009,Clear Persistence,enterprise,subtechnique,T1070,cannot_simulate_yet,stealth,ESXi; Linux; macOS; Windows,cloud-hosted-endpoint; onprem; virtualization,Command Execution; File Deletion; Process Creation; Scheduled Job Creation; User Account Deletion; Windows Registry Key Modification,MCMD,guidance_only,,0,not_integrated,mapped
T1070.010,Relocate Malware,enterprise,subtechnique,T1070,cannot_simulate_yet,stealth,Linux; macOS; Network Devices; Windows,cloud-hosted-endpoint; network-infrastructure; onprem,Command Execution; File Creation; File Deletion; File Modification,,guidance_only,,0,not_integrated,mapped
T1071,Application Layer Protocol,enterprise,technique,,can_simulate,command-and-control,Linux; macOS; Windows; Network Devices; ESXi,cloud-hosted-endpoint; network-infrastructure; onprem; virtualization,Command Execution; Network Connection Creation; Network Traffic Content; Network Traffic Flow; Process Creation,Sliver,rule_source_available,Autocorrelation Anomaly; Inter-Arrival-Time Anomaly; Periodicity Anomaly,1,not_integrated,mapped
T1071.001,Web Protocols,enterprise,subtechnique,T1071,can_simulate,command-and-control,ESXi; Linux; macOS; Network Devices; Windows,cloud-hosted-endpoint; network-infrastructure; onprem; virtualization,Command Execution; Network Connection Creation; Network Traffic Content; Network Traffic Flow; Process Creation,Brute Ratel C4; Cobalt Strike; Covenant; CSPY Downloader; Donut; Empire; evilginx2; FRP; Koadic; MCMD; Mythic; Out1; PcShare; PoshC2; Pupy; Quick Assist; ShimRatReporter; Sliver,rule_source_available,,3,not_integrated,mapped
T1071.002,File Transfer Protocols,enterprise,subtechnique,T1071,cannot_simulate_yet,command-and-control,ESXi; Linux; macOS; Network Devices; Windows,cloud-hosted-endpoint; network-infrastructure; onprem; virtualization,Command Execution; Network Connection Creation; Network Traffic Content; Network Traffic Flow; Process Creation,CARROTBALL; Cobalt Strike; Mythic,guidance_only,,0,not_integrated,mapped
T1071.003,Mail Protocols,enterprise,subtechnique,T1071,cannot_simulate_yet,command-and-control,Linux; macOS; Network Devices; Windows,cloud-hosted-endpoint; network-infrastructure; onprem,Network Connection Creation; Network Traffic Content; Network Traffic Flow; Process Creation,,rule_source_available,,0,not_integrated,mapped
T1071.004,DNS,enterprise,subtechnique,T1071,can_simulate,command-and-control,ESXi; Linux; macOS; Network Devices; Windows,cloud-hosted-endpoint; network-infrastructure; onprem; virtualization,Network Connection Creation; Network Traffic Content; Network Traffic Flow; Process Creation,Brute Ratel C4; Cobalt Strike; Mythic; Sliver,rule_source_available,Categorical-Distribution Anomaly; Entropy Anomaly; Subsequence Anomaly,4,not_integrated,mapped
T1071.005,Publish/Subscribe Protocols,enterprise,subtechnique,T1071,cannot_simulate_yet,command-and-control,macOS; Linux; Windows; Network Devices,cloud-hosted-endpoint; network-infrastructure; onprem,Network Connection Creation; Network Traffic Content; Network Traffic Flow; Process Creation,,guidance_only,,0,not_integrated,mapped
T1072,Software Deployment Tools,enterprise,technique,,can_simulate,execution; lateral-movement,Linux; macOS; Network Devices; SaaS; Windows,cloud; cloud-hosted-endpoint; network-infrastructure; onprem; saas,Application Log Content; Command Execution; Network Traffic Flow; Process Creation,,rule_source_available,,3,not_integrated,mapped
T1074,Data Staged,enterprise,technique,,cannot_simulate_yet,collection,ESXi; IaaS; Linux; macOS; Windows,cloud; cloud-hosted-endpoint; onprem; virtualization,Cloud Storage Access; Command Execution; File Access; File Creation; Process Creation,,rule_source_available,Category-Combination Anomaly; Transition Anomaly; Volume Anomaly,0,not_integrated,mapped
T1074.001,Local Data Staging,enterprise,subtechnique,T1074,can_simulate,collection,ESXi; Linux; macOS; Windows,cloud-hosted-endpoint; onprem; virtualization,Command Execution; File Access; File Creation; Process Creation; Snapshot Creation,,rule_source_available,,3,not_integrated,mapped
T1074.002,Remote Data Staging,enterprise,subtechnique,T1074,cannot_simulate_yet,collection,ESXi; IaaS; Linux; macOS; Windows,cloud; cloud-hosted-endpoint; onprem; virtualization,Cloud Storage Access; Command Execution; File Access; File Creation; Network Share Access; Network Traffic Content; Process Creation,,guidance_only,,0,not_integrated,mapped
T1078,Valid Accounts,enterprise,technique,,cannot_simulate_yet,initial-access; persistence; privilege-escalation; stealth,Containers; ESXi; IaaS; Identity Provider; Linux; macOS; Network Devices; Office Suite; SaaS; Windows,cloud; cloud-hosted-endpoint; containers; identity; network-infrastructure; onprem; saas; virtualization,Logon Session Creation; Logon Session Metadata; Process Creation; User Account Authentication,,rule_source_available,Multivariate Combination Anomaly; Peer-Group Anomaly; Self-Baseline Anomaly; Temporal-Context Anomaly,0,not_integrated,mapped
T1078.001,Default Accounts,enterprise,subtechnique,T1078,can_simulate,initial-access; persistence; privilege-escalation; stealth,Containers; ESXi; IaaS; Identity Provider; Linux; macOS; Network Devices; Office Suite; SaaS; Windows,cloud; cloud-hosted-endpoint; containers; identity; network-infrastructure; onprem; saas; virtualization,Logon Session Creation; Logon Session Metadata; User Account Authentication,,rule_source_available,,3,not_integrated,mapped
T1078.002,Domain Accounts,enterprise,subtechnique,T1078,cannot_simulate_yet,initial-access; persistence; privilege-escalation; stealth,ESXi; Linux; macOS; Windows,cloud-hosted-endpoint; onprem; virtualization,Logon Session Metadata; Network Connection Creation; Process Creation; User Account Authentication,Cobalt Strike,rule_source_available,,0,not_integrated,mapped
T1078.003,Local Accounts,enterprise,subtechnique,T1078,can_simulate,initial-access; persistence; privilege-escalation; stealth,Containers; ESXi; Linux; macOS; Network Devices; Windows,cloud-hosted-endpoint; containers; network-infrastructure; onprem; virtualization,Logon Session Creation; Logon Session Metadata; User Account Authentication,Cobalt Strike,rule_source_available,,13,not_integrated,mapped
T1078.004,Cloud Accounts,enterprise,subtechnique,T1078,can_simulate,initial-access; persistence; privilege-escalation; stealth,IaaS; Identity Provider; Office Suite; SaaS,cloud; identity; onprem; saas,Logon Session Creation; Logon Session Metadata; User Account Authentication,Pacu; Peirates; ROADTools; TruffleHog,rule_source_available,,3,not_integrated,mapped
T1080,Taint Shared Content,enterprise,technique,,cannot_simulate_yet,lateral-movement,Windows; SaaS; Linux; macOS; Office Suite,cloud; cloud-hosted-endpoint; onprem; saas,File Creation; File Modification; Network Share Access,,guidance_only,,0,not_integrated,mapped
T1082,System Information Discovery,enterprise,technique,,can_simulate,discovery,ESXi; IaaS; Linux; macOS; Network Devices; Windows,cloud; cloud-hosted-endpoint; network-infrastructure; onprem; virtualization,Command Execution; Instance Enumeration; Process Creation; Windows Registry Key Modification,cmd; Covenant; Diskpart; dsquery; Empire; Koadic; PoshC2; Pupy; QuasarRAT; Remcos; ShimRatReporter; SILENTTRINITY; Systeminfo,rule_source_available,,40,not_integrated,mapped
T1083,File and Directory Discovery,enterprise,technique,,can_simulate,discovery,ESXi; Linux; macOS; Network Devices; Windows,cloud-hosted-endpoint; network-infrastructure; onprem; virtualization,Command Execution; File Access; File Creation; Process Creation,cmd; Cobalt Strike; CrackMapExec; Diskpart; Empire; Forfiles; Imminent Monitor; Koadic; PoshC2; Pupy; Rclone; Remcos; RemoteUtilities; SILENTTRINITY; Sliver; TruffleHog,rule_source_available,,9,not_integrated,mapped
T1087,Account Discovery,enterprise,technique,,cannot_simulate_yet,discovery,ESXi; IaaS; Identity Provider; Linux; macOS; Office Suite; SaaS; Windows,cloud; cloud-hosted-endpoint; identity; onprem; saas; virtualization,Cloud Service Enumeration; Command Execution; File Access; Group Enumeration; Process Creation; Script Execution; User Account Metadata,ShimRatReporter,rule_source_available,Fan-Out Anomaly; Peer-Group Anomaly; Volume Anomaly,0,not_integrated,mapped
T1087.001,Local Account,enterprise,subtechnique,T1087,can_simulate,discovery,ESXi; Linux; macOS; Windows,cloud-hosted-endpoint; onprem; virtualization,File Access; Process Creation; User Account Metadata,BloodHound; Empire; Net; PoshC2; PowerSploit; Pupy,rule_source_available,,11,not_integrated,mapped
T1087.002,Domain Account,enterprise,subtechnique,T1087,can_simulate,discovery,Linux; macOS; Windows,cloud-hosted-endpoint; onprem,Command Execution; Network Traffic Content; Process Creation,AdFind; BloodHound; Brute Ratel C4; Cobalt Strike; CrackMapExec; dsquery; Empire; Net; PoshC2; SILENTTRINITY,rule_source_available,,24,not_integrated,mapped
T1087.003,Email Account,enterprise,subtechnique,T1087,cannot_simulate_yet,discovery,Windows; Office Suite,cloud-hosted-endpoint; onprem,Application Log Content; Command Execution; Process Creation; User Account Authentication; User Account Metadata,MailSniper; Ruler,guidance_only,,0,not_integrated,mapped
T1087.004,Cloud Account,enterprise,subtechnique,T1087,cannot_simulate_yet,discovery,IaaS; Identity Provider; Office Suite; SaaS,cloud; identity; onprem; saas,Application Log Content; Command Execution; User Account Authentication; User Account Metadata,AADInternals; Pacu; ROADTools,rule_source_available,,0,not_integrated,mapped
T1090,Proxy,enterprise,technique,,cannot_simulate_yet,command-and-control,ESXi; Linux; macOS; Network Devices; Windows,cloud-hosted-endpoint; network-infrastructure; onprem; virtualization,Command Execution; Firewall Rule Modification; Network Connection Creation; Network Traffic Flow; Process Creation,FRP; HTRAN; netsh; ngrok; PoshC2; QuasarRAT; Remcos,rule_source_available,,0,not_integrated,mapped
T1090.001,Internal Proxy,enterprise,subtechnique,T1090,can_simulate,command-and-control,ESXi; Linux; macOS; Network Devices; Windows,cloud-hosted-endpoint; network-infrastructure; onprem; virtualization,Command Execution; Firewall Rule Modification; Network Connection Creation; Network Traffic Content; Network Traffic Flow; Process Creation; Service Creation,Cobalt Strike; Mythic; Sliver,rule_source_available,,3,not_integrated,mapped
T1090.002,External Proxy,enterprise,subtechnique,T1090,cannot_simulate_yet,command-and-control,ESXi; Linux; macOS; Network Devices; Windows,cloud-hosted-endpoint; network-infrastructure; onprem; virtualization,Firewall Rule Modification; Network Connection Creation; Network Traffic Content; Network Traffic Flow; Process Creation,evilginx2; Mythic,rule_source_available,,0,not_integrated,mapped
T1090.003,Multi-hop Proxy,enterprise,subtechnique,T1090,can_simulate,command-and-control,ESXi; Linux; macOS; Network Devices; Windows,cloud-hosted-endpoint; network-infrastructure; onprem; virtualization,Firmware Modification; Network Connection Creation; Network Traffic Content; Network Traffic Flow; Process Creation,AsyncRAT; FRP; Tor,rule_source_available,,4,not_integrated,mapped
T1090.004,Domain Fronting,enterprise,subtechnique,T1090,cannot_simulate_yet,command-and-control,Linux; macOS; Windows; ESXi,cloud-hosted-endpoint; onprem; virtualization,Network Connection Creation; Network Traffic Content; Process Creation,Cobalt Strike; meek; Mythic,guidance_only,,0,not_integrated,mapped
T1091,Replication Through Removable Media,enterprise,technique,,can_simulate,initial-access; lateral-movement,Windows,cloud-hosted-endpoint; onprem,Drive Creation; File Access; File Creation; Process Creation,,rule_source_available,,1,not_integrated,mapped
T1092,Communication Through Removable Media,enterprise,technique,,cannot_simulate_yet,command-and-control,Linux; macOS; Windows,cloud-hosted-endpoint; onprem,Drive Creation; File Creation; Process Creation,,guidance_only,,0,not_integrated,mapped
T1095,Non-Application Layer Protocol,enterprise,technique,,can_simulate,command-and-control,ESXi; Linux; macOS; Network Devices; Windows,cloud-hosted-endpoint; network-infrastructure; onprem; virtualization,Network Connection Creation; Network Traffic Content; Network Traffic Flow,Brute Ratel C4; Cobalt Strike; FRP; Mythic; QuasarRAT,rule_source_available,,5,not_integrated,mapped
T1098,Account Manipulation,enterprise,technique,,can_simulate,persistence; privilege-escalation,Containers; ESXi; IaaS; Identity Provider; Linux; macOS; Network Devices; Office Suite; SaaS; Windows,cloud; cloud-hosted-endpoint; containers; identity; network-infrastructure; onprem; saas; virtualization,Active Directory Object Modification; File Modification; Process Creation; User Account Modification,Mimikatz,rule_source_available,Edge Anomaly; Graph-Evolution Anomaly; Graph-Path-Length Anomaly,17,not_integrated,mapped
T1098.001,Additional Cloud Credentials,enterprise,subtechnique,T1098,can_simulate,persistence; privilege-escalation,IaaS; Identity Provider; SaaS,cloud; identity; saas,Active Directory Object Creation; Active Directory Object Modification; User Account Modification,Pacu,rule_source_available,,3,not_integrated,mapped
T1098.002,Additional Email Delegate Permissions,enterprise,subtechnique,T1098,cannot_simulate_yet,persistence; privilege-escalation,Windows; Office Suite,cloud-hosted-endpoint; onprem,Application Log Content; Process Creation; User Account Modification,,guidance_only,,0,not_integrated,mapped
T1098.003,Additional Cloud Roles,enterprise,subtechnique,T1098,can_simulate,persistence; privilege-escalation,IaaS; Identity Provider; Office Suite; SaaS,cloud; identity; onprem; saas,User Account Modification,,rule_source_available,,2,not_integrated,mapped
T1098.004,SSH Authorized Keys,enterprise,subtechnique,T1098,can_simulate,persistence; privilege-escalation,ESXi; IaaS; Linux; macOS; Network Devices,cloud; cloud-hosted-endpoint; network-infrastructure; onprem; virtualization,Command Execution; File Modification; Process Creation,,guidance_only,,1,not_integrated,mapped
T1098.005,Device Registration,enterprise,subtechnique,T1098,cannot_simulate_yet,persistence; privilege-escalation,Windows; Identity Provider,cloud-hosted-endpoint; identity; onprem,Active Directory Object Creation; Application Log Content; User Account Modification,AADInternals,rule_source_available,,0,not_integrated,mapped
T1098.006,Additional Container Cluster Roles,enterprise,subtechnique,T1098,cannot_simulate_yet,persistence; privilege-escalation,Containers,containers,User Account Modification,,guidance_only,,0,not_integrated,mapped
T1098.007,Additional Local or Domain Groups,enterprise,subtechnique,T1098,cannot_simulate_yet,persistence; privilege-escalation,Windows; macOS; Linux,cloud-hosted-endpoint; onprem,User Account Modification,Net,guidance_only,,0,not_integrated,mapped
T1102,Web Service,enterprise,technique,,cannot_simulate_yet,command-and-control,ESXi; Linux; macOS; Windows,cloud-hosted-endpoint; onprem; virtualization,Network Connection Creation; Network Traffic Content; Network Traffic Flow,Brute Ratel C4; ngrok,rule_source_available,Edge Anomaly; Persistent Anomaly; Rare-Category Anomaly,0,not_integrated,mapped
T1102.001,Dead Drop Resolver,enterprise,subtechnique,T1102,cannot_simulate_yet,command-and-control,ESXi; Linux; macOS; Windows,cloud-hosted-endpoint; onprem; virtualization,Network Connection Creation; Network Traffic Content; Network Traffic Flow,,rule_source_available,,0,not_integrated,mapped
T1102.002,Bidirectional Communication,enterprise,subtechnique,T1102,can_simulate,command-and-control,ESXi; Linux; macOS; Windows,cloud-hosted-endpoint; onprem; virtualization,Network Connection Creation; Network Traffic Content; Network Traffic Flow; Process Creation,Empire,rule_source_available,,1,not_integrated,mapped
T1102.003,One-Way Communication,enterprise,subtechnique,T1102,cannot_simulate_yet,command-and-control,Linux; macOS; Windows; ESXi,cloud-hosted-endpoint; onprem; virtualization,Network Connection Creation; Network Traffic Content; Network Traffic Flow; Process Creation,,rule_source_available,,0,not_integrated,mapped
T1104,Multi-Stage Channels,enterprise,technique,,cannot_simulate_yet,command-and-control,Linux; macOS; Windows; ESXi,cloud-hosted-endpoint; onprem; virtualization,Network Connection Creation; Network Traffic Flow; Process Creation,,guidance_only,,0,not_integrated,mapped
T1105,Ingress Tool Transfer,enterprise,technique,,can_simulate,command-and-control,ESXi; Linux; macOS; Network Devices; Windows,cloud-hosted-endpoint; network-infrastructure; onprem; virtualization,Command Execution; File Creation; Network Connection Creation; Network Traffic Flow; Process Creation,AsyncRAT; BITSAdmin; Brute Ratel C4; CARROTBALL; certutil; cmd; Cobalt Strike; CSPY Downloader; Donut; Empire; esentutl; ftp; Koadic; MCMD; Pupy; QuasarRAT; Remcos; RemoteUtilities; ShimRatReporter; SILENTTRINITY; Sliver,rule_source_available,,38,not_integrated,mapped
T1106,Native API,enterprise,technique,,can_simulate,execution,Linux; macOS; Windows,cloud-hosted-endpoint; onprem,Module Load; Process Access; Process Creation,AsyncRAT; BloodHound; Brute Ratel C4; Cobalt Strike; Donut; Empire; Imminent Monitor; PcShare; ShimRatReporter; SILENTTRINITY,rule_source_available,,5,not_integrated,mapped
T1110,Brute Force,enterprise,technique,,cannot_simulate_yet,credential-access,Containers; ESXi; IaaS; Identity Provider; Linux; macOS; Network Devices; Office Suite; SaaS; Windows,cloud; cloud-hosted-endpoint; containers; identity; network-infrastructure; onprem; saas; virtualization,User Account Authentication,CrackMapExec; PoshC2,rule_source_available,Burst Anomaly; Rate Anomaly; Ratio or Proportion Anomaly,0,not_integrated,mapped
T1110.001,Password Guessing,enterprise,subtechnique,T1110,can_simulate,credential-access,Containers; ESXi; IaaS; Identity Provider; Linux; macOS; Network Devices; Office Suite; SaaS; Windows,cloud; cloud-hosted-endpoint; containers; identity; network-infrastructure; onprem; saas; virtualization,User Account Authentication,CrackMapExec; Crowbar; HexStrike AI; Hydra; Metasploit Framework; RTSP Brute Force Tool,rule_source_available,,8,not_integrated,mapped
T1110.002,Password Cracking,enterprise,subtechnique,T1110,can_simulate,credential-access,Identity Provider; Linux; macOS; Network Devices; Office Suite; Windows,cloud-hosted-endpoint; identity; network-infrastructure; onprem,File Access; File Creation; Process Access; Process Creation; User Account Authentication,Aircrack-ng; Hashcat; John the Ripper,rule_source_available,,1,not_integrated,mapped
T1110.003,Password Spraying,enterprise,subtechnique,T1110,can_simulate,credential-access,Containers; ESXi; IaaS; Identity Provider; Linux; Network Devices; Office Suite; SaaS; Windows; macOS,cloud; cloud-hosted-endpoint; containers; identity; network-infrastructure; onprem; saas; virtualization,User Account Authentication,CrackMapExec; MailSniper,guidance_only,Collective Anomaly; Fan-Out Anomaly; Graph-Evolution Anomaly,9,not_integrated,mapped
T1110.004,Credential Stuffing,enterprise,subtechnique,T1110,can_simulate,credential-access,Containers; ESXi; IaaS; Identity Provider; Linux; macOS; Network Devices; Office Suite; SaaS; Windows,cloud; cloud-hosted-endpoint; containers; identity; network-infrastructure; onprem; saas; virtualization,User Account Authentication,,guidance_only,,4,not_integrated,mapped
T1111,Multi-Factor Authentication Interception,enterprise,technique,,cannot_simulate_yet,credential-access,Linux; macOS; Windows,cloud-hosted-endpoint; onprem,Driver Load; Logon Session Creation; OS API Execution; Process Access; Process Creation; Windows Registry Key Modification,evilginx2,guidance_only,,0,not_integrated,mapped
T1112,Modify Registry,enterprise,technique,,can_simulate,defense-impairment; persistence,Windows,cloud-hosted-endpoint; onprem,Process Creation; Windows Registry Key Modification,AADInternals; Cobalt Strike; CrackMapExec; CSPY Downloader; NPPSPY; PcShare; QuasarRAT; Reg; Remcos; SILENTTRINITY,rule_source_available,,92,not_integrated,mapped
T1113,Screen Capture,enterprise,technique,,can_simulate,collection,Linux; macOS; Windows,cloud-hosted-endpoint; onprem,Module Load; Process Creation,AsyncRAT; Brute Ratel C4; Cobalt Strike; ConnectWise; Empire; PcShare; PowerSploit; Pupy; Quick Assist; Remcos; RemoteUtilities; SILENTTRINITY; Sliver,rule_source_available,,10,not_integrated,mapped
T1114,Email Collection,enterprise,technique,,cannot_simulate_yet,collection,Windows; macOS; Linux; Office Suite,cloud-hosted-endpoint; onprem,Application Log Content; Command Execution; File Access; Logon Session Creation; Network Connection Creation; Network Share Access; Process Creation,,rule_source_available,Edge Anomaly; Rare-Category Anomaly; Volume Anomaly,0,not_integrated,mapped
T1114.001,Local Email Collection,enterprise,subtechnique,T1114,can_simulate,collection,Windows,cloud-hosted-endpoint; onprem,File Access; File Creation; Network Connection Creation; Process Creation,Empire; Out1; Pupy,rule_source_available,,1,not_integrated,mapped
T1114.002,Remote Email Collection,enterprise,subtechnique,T1114,cannot_simulate_yet,collection,Office Suite; Windows,cloud-hosted-endpoint; onprem,Application Log Content; Command Execution; Logon Session Creation; Network Connection Creation,MailSniper,guidance_only,,0,not_integrated,mapped
T1114.003,Email Forwarding Rule,enterprise,subtechnique,T1114,cannot_simulate_yet,collection,Linux; macOS; Office Suite; Windows,cloud-hosted-endpoint; onprem,Application Log Content; Cloud Service Metadata; Command Execution; File Modification; Process Creation,,rule_source_available,Edge Anomaly; Novel-Category Anomaly; Temporal-Context Anomaly,0,not_integrated,mapped
T1115,Clipboard Data,enterprise,technique,,can_simulate,collection,Linux; macOS; Windows,cloud-hosted-endpoint; onprem,Process Access; Process Creation,Empire; Koadic; Remcos; SILENTTRINITY,rule_source_available,,5,not_integrated,mapped
T1119,Automated Collection,enterprise,technique,,can_simulate,collection,IaaS; Linux; macOS; Office Suite; SaaS; Windows,cloud; cloud-hosted-endpoint; onprem; saas,File Access; File Creation; Process Creation; Script Execution; User Account Authentication,Empire; Mythic; NPPSPY; Pacu; PoshC2; ROADTools; ShimRatReporter,rule_source_available,Level-Shift Anomaly; Tail Anomaly; Volume Anomaly,4,not_integrated,mapped
T1120,Peripheral Device Discovery,enterprise,technique,,can_simulate,discovery,Linux; macOS; Windows,cloud-hosted-endpoint; onprem,Drive Access; File Access; Process Access; Process Creation,,rule_source_available,,4,not_integrated,mapped
T1123,Audio Capture,enterprise,technique,,can_simulate,collection,Linux; macOS; Windows,cloud-hosted-endpoint; onprem,File Access; File Creation; OS API Execution; Process Access; Process Creation,Imminent Monitor; PowerSploit; Pupy; Remcos,rule_source_available,,3,not_integrated,mapped
T1124,System Time Discovery,enterprise,technique,,can_simulate,discovery,ESXi; Linux; macOS; Network Devices; Windows,cloud-hosted-endpoint; network-infrastructure; onprem; virtualization,Command Execution; File Creation; File Modification; Module Load; OS API Execution; Process Access; Process Creation; Process Metadata; Scheduled Job Creation; Scheduled Job Metadata; User Account Authentication,AsyncRAT; Net; SILENTTRINITY,rule_source_available,,6,not_integrated,mapped
T1125,Video Capture,enterprise,technique,,can_simulate,collection,Linux; macOS; Windows,cloud-hosted-endpoint; onprem,Command Execution; File Access; File Creation; Module Load; Network Connection Creation; Network Traffic Content; OS API Execution; Process Creation; Process Metadata,AsyncRAT; ConnectWise; Empire; Imminent Monitor; PcShare; Pupy; QuasarRAT; Quick Assist; Remcos,rule_source_available,,1,not_integrated,mapped
T1127,Trusted Developer Utilities Proxy Execution,enterprise,technique,,can_simulate,execution; stealth,Windows,cloud-hosted-endpoint; onprem,File Creation; Module Load; Network Connection Creation; Process Creation; Process Metadata,,rule_source_available,,2,not_integrated,mapped
T1127.001,MSBuild,enterprise,subtechnique,T1127,can_simulate,execution; stealth,Windows,cloud-hosted-endpoint; onprem,File Creation; Module Load; Network Connection Creation; Process Access; Process Creation; Process Metadata; Process Modification; Script Execution,Empire,rule_source_available,,2,not_integrated,mapped
T1127.002,ClickOnce,enterprise,subtechnique,T1127,cannot_simulate_yet,execution; stealth,Windows,cloud-hosted-endpoint; onprem,Module Load; Process Creation; Process Metadata,,guidance_only,,0,not_integrated,mapped
T1127.003,JamPlus,enterprise,subtechnique,T1127,cannot_simulate_yet,execution; stealth,Windows,cloud-hosted-endpoint; onprem,File Creation; Network Connection Creation; Process Creation; Process Metadata,,guidance_only,,0,not_integrated,mapped
T1129,Shared Modules,enterprise,technique,,can_simulate,execution,Linux; macOS; Windows,cloud-hosted-endpoint; onprem,File Access; File Creation; Module Load; Network Connection Creation; Network Traffic Content; Process Creation; Process Metadata,,rule_source_available,,1,not_integrated,mapped
T1132,Data Encoding,enterprise,technique,,cannot_simulate_yet,command-and-control,ESXi; Linux; macOS; Windows,cloud-hosted-endpoint; onprem; virtualization,Command Execution; Network Connection Creation; Network Traffic Content; Process Creation; User Account Authentication,evilginx2; Mythic,guidance_only,,0,not_integrated,mapped
T1132.001,Standard Encoding,enterprise,subtechnique,T1132,can_simulate,command-and-control,ESXi; Linux; macOS; Windows,cloud-hosted-endpoint; onprem; virtualization,Application Log Content; Network Connection Creation; Network Traffic Content; Network Traffic Flow; Process Creation; Script Execution,Cobalt Strike; Remcos; Sliver,rule_source_available,,3,not_integrated,mapped
T1132.002,Non-Standard Encoding,enterprise,subtechnique,T1132,cannot_simulate_yet,command-and-control,ESXi; Linux; macOS; Windows,cloud-hosted-endpoint; onprem; virtualization,Application Log Content; Network Connection Creation; Network Traffic Content; Network Traffic Flow; Process Creation; Script Execution,,guidance_only,,0,not_integrated,mapped
T1133,External Remote Services,enterprise,technique,,can_simulate,initial-access; persistence,Containers; Linux; macOS; Windows,cloud-hosted-endpoint; containers; onprem,Application Log Content; Logon Session Metadata; Network Connection Creation; Network Traffic Flow; User Account Authentication,,rule_source_available,Duration Anomaly; Edge Anomaly; Temporal-Context Anomaly,1,not_integrated,mapped
T1134,Access Token Manipulation,enterprise,technique,,cannot_simulate_yet,privilege-escalation; stealth,Windows,cloud-hosted-endpoint; onprem,Active Directory Object Modification; Logon Session Metadata; OS API Execution; Process Access; Process Creation,Empire; PoshC2; PowerSploit; Sliver,rule_source_available,,0,not_integrated,mapped
T1134.001,Token Impersonation/Theft,enterprise,subtechnique,T1134,can_simulate,privilege-escalation; stealth,Windows,cloud-hosted-endpoint; onprem,OS API Execution; Process Access; Process Creation,Cobalt Strike; Pupy; SILENTTRINITY,rule_source_available,,5,not_integrated,mapped
T1134.002,Create Process with Token,enterprise,subtechnique,T1134,can_simulate,privilege-escalation; stealth,Windows,cloud-hosted-endpoint; onprem,Active Directory Object Modification; Logon Session Metadata; OS API Execution; Process Access; Process Creation,Empire; PoshC2,rule_source_available,,2,not_integrated,mapped
T1134.003,Make and Impersonate Token,enterprise,subtechnique,T1134,cannot_simulate_yet,privilege-escalation; stealth,Windows,cloud-hosted-endpoint; onprem,Logon Session Metadata; OS API Execution; Process Creation,Cobalt Strike; SILENTTRINITY,rule_source_available,,0,not_integrated,mapped
T1134.004,Parent PID Spoofing,enterprise,subtechnique,T1134,can_simulate,privilege-escalation; stealth,Windows,cloud-hosted-endpoint; onprem,OS API Execution; Process Creation; Process Metadata,Cobalt Strike,rule_source_available,,5,not_integrated,mapped
T1134.005,SID-History Injection,enterprise,subtechnique,T1134,can_simulate,privilege-escalation; stealth,Windows,cloud-hosted-endpoint; onprem,Active Directory Object Modification; OS API Execution; User Account Metadata,Empire; Mimikatz,rule_source_available,,1,not_integrated,mapped
T1135,Network Share Discovery,enterprise,technique,,can_simulate,discovery,Linux; macOS; Windows,cloud-hosted-endpoint; onprem,Command Execution; Named Pipe Metadata; Network Connection Creation; Network Traffic Flow; OS API Execution; Process Creation,Cobalt Strike; CrackMapExec; Empire; Koadic; Net; Pupy; SILENTTRINITY,rule_source_available,,12,not_integrated,mapped
T1136,Create Account,enterprise,technique,,cannot_simulate_yet,persistence,Windows; IaaS; Linux; macOS; Network Devices; Containers; SaaS; Office Suite; Identity Provider; ESXi,cloud; cloud-hosted-endpoint; containers; identity; network-infrastructure; onprem; saas; virtualization,Command Execution; File Modification; Process Creation; User Account Creation; User Account Modification,,rule_source_available,Peer-Group Anomaly; Rare-Category Anomaly; Transition Anomaly,0,not_integrated,mapped
T1136.001,Local Account,enterprise,subtechnique,T1136,can_simulate,persistence,Containers; ESXi; Linux; macOS; Network Devices; Windows,cloud-hosted-endpoint; containers; network-infrastructure; onprem; virtualization,Command Execution; File Modification; Process Creation; User Account Creation,Empire; Net; Pupy,rule_source_available,,10,not_integrated,mapped
T1136.002,Domain Account,enterprise,subtechnique,T1136,can_simulate,persistence,Linux; macOS; Windows,cloud-hosted-endpoint; onprem,Command Execution; Logon Session Creation; Process Creation; User Account Authentication; User Account Creation,Empire; Net; PsExec; Pupy,rule_source_available,,5,not_integrated,mapped
T1136.003,Cloud Account,enterprise,subtechnique,T1136,can_simulate,persistence,IaaS; SaaS; Office Suite; Identity Provider,cloud; identity; onprem; saas,Group Modification; User Account Authentication; User Account Creation; User Account Modification,AADInternals,rule_source_available,,3,not_integrated,mapped
T1137,Office Application Startup,enterprise,technique,,can_simulate,persistence,Windows; Office Suite,cloud-hosted-endpoint; onprem,Application Log Content; File Creation; Process Creation; User Account Modification; Windows Registry Key Modification,,rule_source_available,,1,not_integrated,mapped
T1137.001,Office Template Macros,enterprise,subtechnique,T1137,can_simulate,persistence,Office Suite; Windows,cloud-hosted-endpoint; onprem,Command Execution; File Creation; File Metadata; Process Creation; Windows Registry Key Modification,Cobalt Strike,guidance_only,,1,not_integrated,mapped
T1137.002,Office Test,enterprise,subtechnique,T1137,can_simulate,persistence,Windows; Office Suite,cloud-hosted-endpoint; onprem,Command Execution; File Creation; Module Load; Process Creation; Windows Registry Key Modification,,rule_source_available,,1,not_integrated,mapped
T1137.003,Outlook Forms,enterprise,subtechnique,T1137,cannot_simulate_yet,persistence,Windows; Office Suite,cloud-hosted-endpoint; onprem,Application Log Content; Command Execution; Module Load; Process Creation,Ruler,rule_source_available,,0,not_integrated,mapped
T1137.004,Outlook Home Page,enterprise,subtechnique,T1137,can_simulate,persistence,Windows; Office Suite,cloud-hosted-endpoint; onprem,Application Log Content; Command Execution; Module Load; Process Creation,Ruler,guidance_only,,1,not_integrated,mapped
T1137.005,Outlook Rules,enterprise,subtechnique,T1137,can_simulate,persistence,Windows; Office Suite,cloud-hosted-endpoint; onprem,Application Log Content; Command Execution; Module Load; Process Creation,Ruler,guidance_only,,5,not_integrated,mapped
T1137.006,Add-ins,enterprise,subtechnique,T1137,can_simulate,persistence,Windows; Office Suite,cloud-hosted-endpoint; onprem,Application Log Content; Command Execution; File Creation; File Modification; Process Creation; Windows Registry Key Modification,,rule_source_available,,5,not_integrated,mapped
T1140,Deobfuscate/Decode Files or Information,enterprise,technique,,can_simulate,stealth,ESXi; Linux; macOS; Windows,cloud-hosted-endpoint; onprem; virtualization,Command Execution; File Creation; Process Access; Process Creation,Brute Ratel C4; certutil; Cobalt Strike; Expand; Imminent Monitor; IronNetInjector; PcShare,rule_source_available,,11,not_integrated,mapped
T1176,Software Extensions,enterprise,technique,,can_simulate,persistence,Linux; macOS; Windows,cloud-hosted-endpoint; onprem,Command Execution; File Creation; Network Connection Creation; Network Traffic Flow; Process Creation; Windows Registry Key Modification,,guidance_only,,4,not_integrated,mapped
T1176.001,Browser Extensions,enterprise,subtechnique,T1176,cannot_simulate_yet,persistence,Linux; Windows; macOS,cloud-hosted-endpoint; onprem,Command Execution; File Access; File Creation; Network Connection Creation; Network Traffic Content; Process Creation; Windows Registry Key Modification,,rule_source_available,,0,not_integrated,mapped
T1176.002,IDE Extensions,enterprise,subtechnique,T1176,cannot_simulate_yet,persistence,Linux; macOS; Windows,cloud-hosted-endpoint; onprem,File Creation; Network Connection Creation; Network Traffic Flow; Process Creation,,guidance_only,,0,not_integrated,mapped
T1185,Browser Session Hijacking,enterprise,technique,,cannot_simulate_yet,collection,Windows,cloud-hosted-endpoint; onprem,Logon Session Creation; Logon Session Metadata; Module Load; Network Connection Creation; Process Access; Process Modification; User Account Metadata,Cobalt Strike; evilginx2,rule_source_available,,0,not_integrated,mapped
T1187,Forced Authentication,enterprise,technique,,can_simulate,credential-access,Windows,cloud-hosted-endpoint; onprem,File Creation; File Modification; Network Traffic Content; Network Traffic Flow,,rule_source_available,,3,not_integrated,mapped
T1189,Drive-by Compromise,enterprise,technique,,cannot_simulate_yet,initial-access,Identity Provider; Linux; macOS; Windows,cloud-hosted-endpoint; identity; onprem,Application Log Content; File Creation; Logon Session Creation; Network Connection Creation; Network Traffic Content; Process Creation; Process Modification; User Account Authentication; User Account Metadata,,rule_source_available,,0,not_integrated,mapped
T1190,Exploit Public-Facing Application,enterprise,technique,,cannot_simulate_yet,initial-access,Containers; ESXi; IaaS; Linux; macOS; Network Devices; Windows,cloud; cloud-hosted-endpoint; containers; network-infrastructure; onprem; virtualization,Application Log Content; Module Load; Network Connection Creation; Network Traffic Content; Network Traffic Flow; Process Creation,Havij; sqlmap,rule_source_available,Conditional Anomaly; Distribution-Shift Anomaly; Transition Anomaly,0,not_integrated,mapped
T1195,Supply Chain Compromise,enterprise,technique,,can_simulate,initial-access,Linux; Windows; macOS; SaaS,cloud; cloud-hosted-endpoint; onprem; saas,File Creation; File Metadata; File Modification; Module Load; Network Traffic Flow; Process Creation; Process Modification,,rule_source_available,Category-Combination Anomaly; Population Anomaly; Synchronization Anomaly,1,not_integrated,mapped
T1195.001,Compromise Software Dependencies and Development Tools,enterprise,subtechnique,T1195,cannot_simulate_yet,initial-access,Linux; macOS; Windows,cloud-hosted-endpoint; onprem,File Creation; File Metadata; Module Load; Network Traffic Flow; Process Creation; Process Modification; Windows Registry Key Modification,,rule_source_available,,0,not_integrated,mapped
T1195.002,Compromise Software Supply Chain,enterprise,subtechnique,T1195,can_simulate,initial-access,Linux; Windows; macOS,cloud-hosted-endpoint; onprem,Driver Load; File Creation; File Metadata; Module Load; Network Connection Creation; Network Traffic Flow; Process Creation; Windows Registry Key Modification,,rule_source_available,,1,not_integrated,mapped
T1195.003,Compromise Hardware Supply Chain,enterprise,subtechnique,T1195,cannot_simulate_yet,initial-access,Linux; macOS; Windows,cloud-hosted-endpoint; onprem,Driver Load; File Metadata; Host Status; Module Load; Process Access,,guidance_only,,0,not_integrated,mapped
T1197,BITS Jobs,enterprise,technique,,can_simulate,execution; persistence; stealth,Windows,cloud-hosted-endpoint; onprem,Command Execution; Network Connection Creation; Process Creation; Service Creation,BITSAdmin; Cobalt Strike,rule_source_available,,4,not_integrated,mapped
T1199,Trusted Relationship,enterprise,technique,,cannot_simulate_yet,initial-access,IaaS; Identity Provider; Linux; macOS; Office Suite; SaaS; Windows,cloud; cloud-hosted-endpoint; identity; onprem; saas,Application Log Content; Logon Session Creation; Logon Session Metadata; Network Connection Creation; Network Traffic Content,,rule_source_available,,0,not_integrated,mapped
T1200,Hardware Additions,enterprise,technique,,cannot_simulate_yet,initial-access,Windows; Linux; macOS,cloud-hosted-endpoint; onprem,Application Log Content; Drive Creation; Driver Load; File Creation; Module Load; Network Connection Creation; Network Traffic Flow; Process Creation,,rule_source_available,,0,not_integrated,mapped
T1201,Password Policy Discovery,enterprise,technique,,can_simulate,discovery,Windows; Linux; macOS; IaaS; Network Devices; Identity Provider; SaaS; Office Suite,cloud; cloud-hosted-endpoint; identity; network-infrastructure; onprem; saas,Active Directory Object Access; Command Execution; Process Creation; User Account Metadata,CrackMapExec; Net; PoshC2,rule_source_available,,12,not_integrated,mapped
T1202,Indirect Command Execution,enterprise,technique,,can_simulate,stealth,Windows,cloud-hosted-endpoint; onprem,File Creation; Network Connection Creation; Process Creation,Forfiles,rule_source_available,,5,not_integrated,mapped
T1203,Exploitation for Client Execution,enterprise,technique,,cannot_simulate_yet,execution,Linux; macOS; Windows,cloud-hosted-endpoint; onprem,Application Log Content; File Access; File Creation; File Modification; Network Connection Creation; Network Traffic Flow; Process Creation,Cobalt Strike,rule_source_available,,0,not_integrated,mapped
T1204,User Execution,enterprise,technique,,cannot_simulate_yet,execution,Linux; Windows; macOS; IaaS; Containers,cloud; cloud-hosted-endpoint; containers; onprem,Application Log Content; Container Creation; Container Start; File Access; File Creation; File Modification; Instance Creation; Instance Start; Network Connection Creation; Network Traffic Content; Process Creation,,rule_source_available,,0,not_integrated,mapped
T1204.001,Malicious Link,enterprise,subtechnique,T1204,cannot_simulate_yet,execution,Linux; macOS; Windows,cloud-hosted-endpoint; onprem,File Creation; Network Connection Creation; Network Traffic Content; Process Creation,,rule_source_available,,0,not_integrated,mapped
T1204.002,Malicious File,enterprise,subtechnique,T1204,can_simulate,execution,Linux; macOS; Windows,cloud-hosted-endpoint; onprem,File Creation; File Metadata; Process Creation,AsyncRAT; Brute Ratel C4; CARROTBALL; CSPY Downloader; Remcos,rule_source_available,,13,not_integrated,mapped
T1204.003,Malicious Image,enterprise,subtechnique,T1204,cannot_simulate_yet,execution,IaaS; Containers,cloud; containers,Command Execution; Container Creation; Container Start; Image Creation; Instance Creation; Instance Start; Network Traffic Content; Process Creation,,guidance_only,,0,not_integrated,mapped
T1204.004,Malicious Copy and Paste,enterprise,subtechnique,T1204,can_simulate,execution,Linux; macOS; Windows,cloud-hosted-endpoint; onprem,Command Execution; File Creation; Network Connection Creation; Network Traffic Content; Process Creation,,rule_source_available,,1,not_integrated,mapped
T1204.005,Malicious Library,enterprise,subtechnique,T1204,cannot_simulate_yet,execution,Linux; macOS; Windows,cloud-hosted-endpoint; onprem,File Creation; File Metadata; Network Connection Creation; Network Traffic Content; Process Creation,,guidance_only,,0,not_integrated,mapped
T1205,Traffic Signaling,enterprise,technique,,cannot_simulate_yet,command-and-control; persistence; stealth,Linux; macOS; Network Devices; Windows,cloud-hosted-endpoint; network-infrastructure; onprem,Command Execution; Network Connection Creation; Network Traffic Content; Network Traffic Flow; Process Creation,,guidance_only,,0,not_integrated,mapped
T1205.001,Port Knocking,enterprise,subtechnique,T1205,cannot_simulate_yet,command-and-control; persistence; stealth,Linux; macOS; Network Devices; Windows,cloud-hosted-endpoint; network-infrastructure; onprem,Network Connection Creation; Network Traffic Flow; Process Creation,,guidance_only,,0,not_integrated,mapped
T1205.002,Socket Filters,enterprise,subtechnique,T1205,cannot_simulate_yet,command-and-control; persistence; stealth,Linux; macOS; Windows,cloud-hosted-endpoint; onprem,Driver Load; Module Load; Network Connection Creation; Network Traffic Content; Process Creation; Service Creation,,guidance_only,,0,not_integrated,mapped
T1207,Rogue Domain Controller,enterprise,technique,,can_simulate,defense-impairment,Windows,cloud-hosted-endpoint; onprem,Active Directory Credential Request; Active Directory Object Access; Active Directory Object Creation; Active Directory Object Modification; Network Traffic Content,Mimikatz,rule_source_available,,1,not_integrated,mapped
T1210,Exploitation of Remote Services,enterprise,technique,,cannot_simulate_yet,lateral-movement,Linux; Windows; macOS; ESXi,cloud-hosted-endpoint; onprem; virtualization,Application Log Content; File Creation; Module Load; Network Connection Creation; Network Traffic Content; Process Access; Process Creation,Empire; PoshC2,rule_source_available,,0,not_integrated,mapped
T1211,Exploitation for Stealth,enterprise,technique,,cannot_simulate_yet,stealth,Linux; Windows; macOS; SaaS; IaaS,cloud; cloud-hosted-endpoint; onprem; saas,Application Log Content; Module Load; Process Creation,,rule_source_available,,0,not_integrated,mapped
T1212,Exploitation for Credential Access,enterprise,technique,,cannot_simulate_yet,credential-access,Linux; Windows; macOS; Identity Provider,cloud-hosted-endpoint; identity; onprem,Application Log Content; Process Access; Process Creation; User Account Authentication,,rule_source_available,,0,not_integrated,mapped
T1213,Data from Information Repositories,enterprise,technique,,cannot_simulate_yet,collection,Linux; Windows; macOS; SaaS; IaaS; Office Suite,cloud; cloud-hosted-endpoint; onprem; saas,Application Log Content; Cloud Service Modification; Cloud Storage Access; Command Execution; File Access; Network Connection Creation; Network Share Access; Process Creation,,rule_source_available,,0,not_integrated,mapped
T1213.001,Confluence,enterprise,subtechnique,T1213,cannot_simulate_yet,collection,SaaS,cloud; saas,Application Log Content; Logon Session Creation; Network Traffic Content,TruffleHog,guidance_only,,0,not_integrated,mapped
T1213.002,Sharepoint,enterprise,subtechnique,T1213,cannot_simulate_yet,collection,Office Suite; Windows,cloud-hosted-endpoint; onprem,Application Log Content; Cloud Service Metadata; Logon Session Creation,spwebmember; TruffleHog,guidance_only,,0,not_integrated,mapped
T1213.003,Code Repositories,enterprise,subtechnique,T1213,cannot_simulate_yet,collection,SaaS,cloud; saas,Application Log Content; Cloud Service Metadata; Logon Session Creation,TruffleHog,rule_source_available,,0,not_integrated,mapped
T1213.004,Customer Relationship Management Software,enterprise,subtechnique,T1213,cannot_simulate_yet,collection,SaaS,cloud; saas,Application Log Content; Logon Session Creation,,guidance_only,,0,not_integrated,mapped
T1213.005,Messaging Applications,enterprise,subtechnique,T1213,cannot_simulate_yet,collection,Office Suite; SaaS,cloud; onprem; saas,Application Log Content; Logon Session Creation,TruffleHog,guidance_only,,0,not_integrated,mapped
T1213.006,Databases,enterprise,subtechnique,T1213,cannot_simulate_yet,collection,IaaS; Linux; macOS; SaaS; Windows,cloud; cloud-hosted-endpoint; onprem; saas,Application Log Content; Cloud Service Metadata; Cloud Storage Access; File Access; File Creation; Network Connection Creation; Network Traffic Content; Process Creation,,guidance_only,,0,not_integrated,mapped
T1216,System Script Proxy Execution,enterprise,technique,,can_simulate,stealth,Windows,cloud-hosted-endpoint; onprem,Command Execution; File Creation; Module Load; Process Access; Process Creation,,rule_source_available,,1,not_integrated,mapped
T1216.001,PubPrn,enterprise,subtechnique,T1216,can_simulate,stealth,Windows,cloud-hosted-endpoint; onprem,Command Execution; Module Load; Network Connection Creation; Process Creation,,rule_source_available,,1,not_integrated,mapped
T1216.002,SyncAppvPublishingServer,enterprise,subtechnique,T1216,can_simulate,stealth,Windows,cloud-hosted-endpoint; onprem,Command Execution; Module Load; Process Access; Process Creation,,guidance_only,,1,not_integrated,mapped
T1217,Browser Information Discovery,enterprise,technique,,can_simulate,discovery,Linux; macOS; Windows,cloud-hosted-endpoint; onprem,Command Execution; File Access; File Creation; Process Creation,Empire,rule_source_available,,11,not_integrated,mapped
T1218,System Binary Proxy Execution,enterprise,technique,,can_simulate,stealth,Linux; macOS; Windows,cloud-hosted-endpoint; onprem,Module Load; Network Connection Creation; Process Creation,,rule_source_available,Category-Combination Anomaly; Conditional Anomaly; Edge Anomaly,16,not_integrated,mapped
T1218.001,Compiled HTML File,enterprise,subtechnique,T1218,can_simulate,stealth,Windows,cloud-hosted-endpoint; onprem,File Creation; Module Load; Network Connection Creation; Process Creation,,rule_source_available,,8,not_integrated,mapped
T1218.002,Control Panel,enterprise,subtechnique,T1218,can_simulate,stealth,Windows,cloud-hosted-endpoint; onprem,File Creation; Module Load; Process Creation; Windows Registry Key Creation,,rule_source_available,,1,not_integrated,mapped
T1218.003,CMSTP,enterprise,subtechnique,T1218,can_simulate,stealth,Windows,cloud-hosted-endpoint; onprem,Command Execution; File Creation; Network Connection Creation; Process Access; Process Creation; Windows Registry Key Creation; Windows Registry Key Modification,,rule_source_available,,2,not_integrated,mapped
T1218.004,InstallUtil,enterprise,subtechnique,T1218,can_simulate,stealth,Windows,cloud-hosted-endpoint; onprem,Command Execution; File Creation; Module Load; Process Creation,Covenant,guidance_only,,8,not_integrated,mapped
T1218.005,Mshta,enterprise,subtechnique,T1218,can_simulate,stealth,Windows,cloud-hosted-endpoint; onprem,File Creation; Network Connection Creation; Process Creation,Covenant; Koadic,rule_source_available,,10,not_integrated,mapped
T1218.007,Msiexec,enterprise,subtechnique,T1218,can_simulate,stealth,Windows,cloud-hosted-endpoint; onprem,Module Load; Network Connection Creation; Process Creation,RemoteUtilities,rule_source_available,,11,not_integrated,mapped
T1218.008,Odbcconf,enterprise,subtechnique,T1218,can_simulate,stealth,Windows,cloud-hosted-endpoint; onprem,Module Load; Network Connection Creation; Process Creation,,rule_source_available,,2,not_integrated,mapped
T1218.009,Regsvcs/Regasm,enterprise,subtechnique,T1218,can_simulate,stealth,Windows,cloud-hosted-endpoint; onprem,Command Execution; File Creation; Module Load; Network Connection Creation; Process Creation; Windows Registry Key Creation; Windows Registry Key Modification,,rule_source_available,,2,not_integrated,mapped
T1218.010,Regsvr32,enterprise,subtechnique,T1218,can_simulate,stealth,Windows,cloud-hosted-endpoint; onprem,Module Load; Network Connection Creation; Process Creation,Covenant; Koadic,rule_source_available,,5,not_integrated,mapped
T1218.011,Rundll32,enterprise,subtechnique,T1218,can_simulate,stealth,Windows,cloud-hosted-endpoint; onprem,File Creation; Module Load; Network Connection Creation; Process Creation,Cobalt Strike; Koadic; PcShare,rule_source_available,,16,not_integrated,mapped
T1218.012,Verclsid,enterprise,subtechnique,T1218,cannot_simulate_yet,stealth,Windows,cloud-hosted-endpoint; onprem,Module Load; Network Connection Creation; Process Creation; Windows Registry Key Modification,,guidance_only,,0,not_integrated,mapped
T1218.013,Mavinject,enterprise,subtechnique,T1218,cannot_simulate_yet,stealth,Windows,cloud-hosted-endpoint; onprem,Command Execution; File Creation; Module Load; Network Connection Creation; Process Access; Process Creation,,rule_source_available,,0,not_integrated,mapped
T1218.014,MMC,enterprise,subtechnique,T1218,cannot_simulate_yet,stealth,Windows,cloud-hosted-endpoint; onprem,Command Execution; File Creation; Module Load; Network Connection Creation; OS API Execution; Process Creation; Windows Registry Key Creation; Windows Registry Key Modification,,rule_source_available,,0,not_integrated,mapped
T1218.015,Electron Applications,enterprise,subtechnique,T1218,cannot_simulate_yet,stealth,Linux; macOS; Windows,cloud-hosted-endpoint; onprem,File Creation; Module Load; Network Connection Creation; Process Creation,,guidance_only,,0,not_integrated,mapped
T1219,Remote Access Tools,enterprise,technique,,can_simulate,command-and-control,Linux; macOS; Windows,cloud-hosted-endpoint; onprem,File Creation; Network Connection Creation; Process Creation; Service Creation; Windows Registry Key Creation; Windows Registry Key Modification,,rule_source_available,,15,not_integrated,mapped
T1219.001,IDE Tunneling,enterprise,subtechnique,T1219,cannot_simulate_yet,command-and-control,Linux; macOS; Windows,cloud-hosted-endpoint; onprem,File Creation; Network Connection Creation; Process Creation,,guidance_only,,0,not_integrated,mapped
T1219.002,Remote Desktop Software,enterprise,subtechnique,T1219,cannot_simulate_yet,command-and-control,Linux; macOS; Windows,cloud-hosted-endpoint; onprem,File Creation; Firewall Rule Modification; Network Connection Creation; Process Creation,,rule_source_available,,0,not_integrated,mapped
T1219.003,Remote Access Hardware,enterprise,subtechnique,T1219,cannot_simulate_yet,command-and-control,Linux; macOS; Windows,cloud-hosted-endpoint; onprem,Drive Creation,,guidance_only,,0,not_integrated,mapped
T1220,XSL Script Processing,enterprise,technique,,can_simulate,stealth,Windows,cloud-hosted-endpoint; onprem,Module Load; Process Creation,,rule_source_available,,4,not_integrated,mapped
T1221,Template Injection,enterprise,technique,,can_simulate,stealth,Windows,cloud-hosted-endpoint; onprem,Network Connection Creation; Process Creation,,rule_source_available,,1,not_integrated,mapped
T1222,File and Directory Permissions Modification,enterprise,technique,,can_simulate,defense-impairment,ESXi; Linux; macOS; Windows,cloud-hosted-endpoint; onprem; virtualization,Active Directory Object Modification; Command Execution; File Creation; File Metadata; Process Creation,,rule_source_available,,3,not_integrated,mapped
T1222.001,Windows Permissions,enterprise,subtechnique,T1222,can_simulate,defense-impairment,Windows,cloud-hosted-endpoint; onprem,Active Directory Object Modification; Command Execution; File Creation; File Metadata; Process Creation; WMI Creation,Diskpart,rule_source_available,,6,not_integrated,mapped
T1222.002,Linux and Mac Permissions,enterprise,subtechnique,T1222,can_simulate,defense-impairment,Linux; macOS,cloud-hosted-endpoint; onprem,Command Execution; File Metadata; File Modification; Process Creation,,rule_source_available,,14,not_integrated,mapped
T1480,Execution Guardrails,enterprise,technique,,cannot_simulate_yet,stealth,ESXi; Linux; macOS; Windows,cloud-hosted-endpoint; onprem; virtualization,Command Execution; File Access; File Creation; Logon Session Creation; Module Load; Network Connection Creation; Process Creation; Process Modification; User Account Authentication; WMI Creation; Windows Registry Key Modification,evilginx2,guidance_only,,0,not_integrated,mapped
T1480.001,Environmental Keying,enterprise,subtechnique,T1480,cannot_simulate_yet,stealth,Linux; Windows; macOS,cloud-hosted-endpoint; onprem,Command Execution; File Access; Logon Session Creation; Module Load; Network Connection Creation; Process Access; Process Creation; WMI Creation,,guidance_only,,0,not_integrated,mapped
T1480.002,Mutual Exclusion,enterprise,subtechnique,T1480,cannot_simulate_yet,stealth,Linux; macOS; Windows,cloud-hosted-endpoint; onprem,File Access; File Creation; OS API Execution; Process Creation; Process Termination,,guidance_only,,0,not_integrated,mapped
T1482,Domain Trust Discovery,enterprise,technique,,can_simulate,discovery,Windows,cloud-hosted-endpoint; onprem,Active Directory Object Access; Command Execution; Module Load; Process Access; Process Creation,AdFind; BloodHound; Brute Ratel C4; dsquery; Empire; Nltest; PoshC2; PowerSploit; Rubeus,rule_source_available,,8,not_integrated,mapped
T1484,Domain or Tenant Policy Modification,enterprise,technique,,cannot_simulate_yet,defense-impairment; privilege-escalation,Windows; Identity Provider,cloud-hosted-endpoint; identity; onprem,Active Directory Object Modification; Application Log Content; File Modification; Process Creation; User Account Authentication,,rule_source_available,,0,not_integrated,mapped
T1484.001,Group Policy Modification,enterprise,subtechnique,T1484,can_simulate,defense-impairment; privilege-escalation,Windows,cloud-hosted-endpoint; onprem,Active Directory Object Modification; File Creation; File Modification; Process Creation; User Account Modification,Empire,rule_source_available,,2,not_integrated,mapped
T1484.002,Trust Modification,enterprise,subtechnique,T1484,can_simulate,defense-impairment; privilege-escalation,Identity Provider; Windows,cloud-hosted-endpoint; identity; onprem,Active Directory Object Modification; Application Log Content; Command Execution; Process Creation; User Account Modification,AADInternals,rule_source_available,,1,not_integrated,mapped
T1485,Data Destruction,enterprise,technique,,can_simulate,impact,Containers; ESXi; IaaS; Linux; macOS; Windows,cloud; cloud-hosted-endpoint; containers; onprem; virtualization,Cloud Storage Deletion; Command Execution; File Creation; File Deletion; Process Creation; Process Termination; Volume Deletion,RawDisk; SDelete,rule_source_available,Burst Anomaly; Transition Anomaly; Volume Anomaly,5,not_integrated,mapped
T1485.001,Lifecycle-Triggered Deletion,enterprise,subtechnique,T1485,cannot_simulate_yet,impact,IaaS,cloud,Cloud Storage Modification,,guidance_only,,0,not_integrated,mapped
T1486,Data Encrypted for Impact,enterprise,technique,,can_simulate,impact,ESXi; IaaS; Linux; macOS; Windows,cloud; cloud-hosted-endpoint; onprem; virtualization,Cloud Storage Modification; Command Execution; File Creation; File Modification; Process Creation,,rule_source_available,Cascading Anomaly; Categorical-Distribution Anomaly; Volume Anomaly,10,not_integrated,mapped
T1489,Service Stop,enterprise,technique,,can_simulate,impact,ESXi; IaaS; Linux; macOS; Windows,cloud; cloud-hosted-endpoint; onprem; virtualization,File Deletion; Logon Session Metadata; Process Creation; Process Termination; Service Creation; Service Metadata,,rule_source_available,,9,not_integrated,mapped
T1490,Inhibit System Recovery,enterprise,technique,,can_simulate,impact,Containers; ESXi; IaaS; Linux; macOS; Network Devices; Windows,cloud; cloud-hosted-endpoint; containers; network-infrastructure; onprem; virtualization,Cloud Storage Deletion; Command Execution; File Deletion; Process Creation; Service Metadata; Snapshot Deletion; Windows Registry Key Modification,,rule_source_available,Level-Shift Anomaly; Missing-Correspondence Anomaly; Transition Anomaly,13,not_integrated,mapped
T1491,Defacement,enterprise,technique,,cannot_simulate_yet,impact,Windows; IaaS; Linux; macOS; ESXi,cloud; cloud-hosted-endpoint; onprem; virtualization,Application Log Content; Cloud Storage Access; File Creation; File Modification; Network Traffic Content; Process Creation,,guidance_only,,0,not_integrated,mapped
T1491.001,Internal Defacement,enterprise,subtechnique,T1491,can_simulate,impact,ESXi; Linux; macOS; Windows,cloud-hosted-endpoint; onprem; virtualization,Command Execution; File Access; File Creation; File Modification; Process Creation; Script Execution; User Account Modification,Remcos,rule_source_available,,4,not_integrated,mapped
T1491.002,External Defacement,enterprise,subtechnique,T1491,cannot_simulate_yet,impact,Windows; IaaS; Linux; macOS,cloud; cloud-hosted-endpoint; onprem,Cloud Storage Access; Cloud Storage Enumeration; File Creation; File Modification; Logon Session Metadata; Network Traffic Content; Process Creation,,guidance_only,,0,not_integrated,mapped
T1495,Firmware Corruption,enterprise,technique,,cannot_simulate_yet,impact,Linux; macOS; Network Devices; Windows,cloud-hosted-endpoint; network-infrastructure; onprem,Driver Load; Firmware Modification; Network Traffic Content; Process Creation,,rule_source_available,,0,not_integrated,mapped
T1496,Resource Hijacking,enterprise,technique,,can_simulate,impact,Windows; IaaS; Linux; macOS; Containers; SaaS,cloud; cloud-hosted-endpoint; containers; onprem; saas,Application Log Content; Cloud Service Modification; Host Status; Instance Start; Network Connection Creation; Network Traffic Content; Network Traffic Flow; Process Creation,,rule_source_available,Emerging Anomaly; Level-Shift Anomaly; Tail Anomaly,2,not_integrated,mapped
T1496.001,Compute Hijacking,enterprise,subtechnique,T1496,cannot_simulate_yet,impact,Windows; IaaS; Linux; macOS; Containers,cloud; cloud-hosted-endpoint; containers; onprem,Container Creation; Host Status; Instance Start; Network Connection Creation; Network Traffic Content; Network Traffic Flow; Process Creation; Scheduled Job Creation,Imminent Monitor,guidance_only,,0,not_integrated,mapped
T1496.002,Bandwidth Hijacking,enterprise,subtechnique,T1496,cannot_simulate_yet,impact,Linux; Windows; macOS; IaaS; Containers,cloud; cloud-hosted-endpoint; containers; onprem,Instance Start; Network Connection Creation; Network Traffic Content; Network Traffic Flow; Process Creation,,guidance_only,,0,not_integrated,mapped
T1496.003,SMS Pumping,enterprise,subtechnique,T1496,cannot_simulate_yet,impact,SaaS,cloud; saas,Application Log Content; User Account Authentication,,guidance_only,,0,not_integrated,mapped
T1496.004,Cloud Service Hijacking,enterprise,subtechnique,T1496,cannot_simulate_yet,impact,SaaS,cloud; saas,Application Log Content; Cloud Service Modification; User Account Metadata,,guidance_only,,0,not_integrated,mapped
T1497,Virtualization/Sandbox Evasion,enterprise,technique,,cannot_simulate_yet,discovery; stealth,Linux; macOS; Windows,cloud-hosted-endpoint; onprem,Command Execution; Module Load; Process Creation,,guidance_only,,0,not_integrated,mapped
T1497.001,System Checks,enterprise,subtechnique,T1497,can_simulate,discovery; stealth,Linux; macOS; Windows,cloud-hosted-endpoint; onprem,Module Load; Process Access; Process Creation,AsyncRAT; CSPY Downloader; Pupy; Remcos,rule_source_available,,9,not_integrated,mapped
T1497.002,User Activity Based Checks,enterprise,subtechnique,T1497,cannot_simulate_yet,discovery; stealth,Linux; macOS; Windows,cloud-hosted-endpoint; onprem,Command Execution; File Access; Logon Session Metadata; OS API Execution; Process Access; Process Creation,Cobalt Strike,guidance_only,,0,not_integrated,mapped
T1497.003,Time Based Checks,enterprise,subtechnique,T1497,can_simulate,discovery; stealth,Linux; macOS; Windows,cloud-hosted-endpoint; onprem,File Metadata; Module Load; OS API Execution; Process Creation,Brute Ratel C4; evilginx2,guidance_only,,1,not_integrated,mapped
T1498,Network Denial of Service,enterprise,technique,,cannot_simulate_yet,impact,Windows; IaaS; Linux; macOS; Containers,cloud; cloud-hosted-endpoint; containers; onprem,Network Connection Creation; Network Traffic Flow; Process Creation,,rule_source_available,,0,not_integrated,mapped
T1498.001,Direct Network Flood,enterprise,subtechnique,T1498,cannot_simulate_yet,impact,Windows; IaaS; Linux; macOS,cloud; cloud-hosted-endpoint; onprem,Host Status; Network Connection Creation; Network Traffic Flow; Process Creation,,guidance_only,,0,not_integrated,mapped
T1498.002,Reflection Amplification,enterprise,subtechnique,T1498,cannot_simulate_yet,impact,Windows; IaaS; Linux; macOS,cloud; cloud-hosted-endpoint; onprem,Command Execution; Firewall Rule Modification; Host Status; Network Connection Creation; Network Traffic Flow; Process Creation,,guidance_only,,0,not_integrated,mapped
T1499,Endpoint Denial of Service,enterprise,technique,,cannot_simulate_yet,impact,Windows; Linux; macOS; Containers; IaaS,cloud; cloud-hosted-endpoint; containers; onprem,Application Log Content; Host Status; Instance Start; Network Traffic Flow; Process Creation,,rule_source_available,Level-Shift Anomaly; Rate Anomaly; Synchronization Anomaly,0,not_integrated,mapped
T1499.001,OS Exhaustion Flood,enterprise,subtechnique,T1499,cannot_simulate_yet,impact,Linux; macOS; Windows,cloud-hosted-endpoint; onprem,Host Status; Network Traffic Content; Network Traffic Flow; Process Creation,,rule_source_available,,0,not_integrated,mapped
T1499.002,Service Exhaustion Flood,enterprise,subtechnique,T1499,cannot_simulate_yet,impact,Windows; IaaS; Linux; macOS,cloud; cloud-hosted-endpoint; onprem,Application Log Content; Firewall Rule Modification; Host Status; Network Connection Creation; Network Traffic Content; Network Traffic Flow; Process Access,,guidance_only,,0,not_integrated,mapped
T1499.003,Application Exhaustion Flood,enterprise,subtechnique,T1499,cannot_simulate_yet,impact,Windows; IaaS; Linux; macOS,cloud; cloud-hosted-endpoint; onprem,Application Log Content; Cloud Service Metadata; Host Status; Network Traffic Content; Process Creation,,guidance_only,,0,not_integrated,mapped
T1499.004,Application or System Exploitation,enterprise,subtechnique,T1499,cannot_simulate_yet,impact,Windows; IaaS; Linux; macOS,cloud; cloud-hosted-endpoint; onprem,Application Log Content; Instance Stop; Network Traffic Content; Process Creation; Process Termination; Service Creation,,rule_source_available,,0,not_integrated,mapped
T1505,Server Software Component,enterprise,technique,,cannot_simulate_yet,persistence,Windows; Linux; macOS; Network Devices; ESXi,cloud-hosted-endpoint; network-infrastructure; onprem; virtualization,Application Log Content; Command Execution; Network Traffic Content; Network Traffic Flow; Process Creation; Scheduled Job Creation,,rule_source_available,,0,not_integrated,mapped
T1505.001,SQL Stored Procedures,enterprise,subtechnique,T1505,cannot_simulate_yet,persistence,Windows; Linux,cloud-hosted-endpoint; onprem,Module Load; Process Creation; Script Execution,,rule_source_available,,0,not_integrated,mapped
T1505.002,Transport Agent,enterprise,subtechnique,T1505,can_simulate,persistence,Linux; Windows,cloud-hosted-endpoint; onprem,Application Log Content; Command Execution; File Creation; File Modification; Module Load; Process Creation,,rule_source_available,,1,not_integrated,mapped
T1505.003,Web Shell,enterprise,subtechnique,T1505,can_simulate,persistence,Linux; macOS; Network Devices; Windows,cloud-hosted-endpoint; network-infrastructure; onprem,File Creation; File Modification; Logon Session Creation; Network Traffic Content; Process Creation,,rule_source_available,,1,not_integrated,mapped
T1505.004,IIS Components,enterprise,subtechnique,T1505,can_simulate,persistence,Windows,cloud-hosted-endpoint; onprem,Application Log Content; File Creation; File Modification; Module Load; Process Creation; Service Modification,,rule_source_available,,2,not_integrated,mapped
T1505.005,Terminal Services DLL,enterprise,subtechnique,T1505,can_simulate,persistence,Windows,cloud-hosted-endpoint; onprem,File Creation; Module Load; Process Creation; Windows Registry Key Modification,,rule_source_available,,2,not_integrated,mapped
T1505.006,vSphere Installation Bundles,enterprise,subtechnique,T1505,cannot_simulate_yet,persistence,ESXi,onprem; virtualization,Application Log Content; Command Execution; File Modification,,guidance_only,,0,not_integrated,mapped
T1518,Software Discovery,enterprise,technique,,can_simulate,discovery,ESXi; IaaS; Linux; macOS; Windows,cloud; cloud-hosted-endpoint; onprem; virtualization,Application Log Content; Cloud Service Enumeration; Command Execution; Process Creation,Cobalt Strike; ShimRatReporter,rule_source_available,,6,not_integrated,mapped
T1518.001,Security Software Discovery,enterprise,subtechnique,T1518,can_simulate,discovery,IaaS; Linux; macOS; Windows,cloud; cloud-hosted-endpoint; onprem,Command Execution; Module Load; Process Creation,Brute Ratel C4; Empire; netsh; Pacu; SILENTTRINITY; Tasklist,rule_source_available,,12,not_integrated,mapped
T1518.002,Backup Software Discovery,enterprise,subtechnique,T1518,cannot_simulate_yet,discovery,Windows; macOS; Linux,cloud-hosted-endpoint; onprem,File Access; File Creation; Process Creation; Windows Registry Key Modification,,guidance_only,,0,not_integrated,mapped
T1525,Implant Internal Image,enterprise,technique,,cannot_simulate_yet,persistence,IaaS; Containers,cloud; containers,Image Creation; Image Modification; Instance Start,,rule_source_available,,0,not_integrated,mapped
T1526,Cloud Service Discovery,enterprise,technique,,can_simulate,discovery,IaaS; Identity Provider; Office Suite; SaaS,cloud; identity; onprem; saas,Cloud Service Enumeration; Logon Session Creation; User Account Metadata,AADInternals; Pacu; ROADTools; TruffleHog,rule_source_available,,3,not_integrated,mapped
T1528,Steal Application Access Token,enterprise,technique,,can_simulate,credential-access,Containers; IaaS; Identity Provider; Office Suite; SaaS,cloud; containers; identity; onprem; saas,Application Log Content; Cloud Service Enumeration; Cloud Service Modification; Cloud Storage Access; File Access; User Account Authentication,AADInternals; Peirates; TruffleHog,rule_source_available,,2,not_integrated,mapped
T1529,System Shutdown/Reboot,enterprise,technique,,can_simulate,impact,ESXi; Linux; macOS; Network Devices; Windows,cloud-hosted-endpoint; network-infrastructure; onprem; virtualization,Command Execution; Host Status; Process Creation,Remcos,rule_source_available,,16,not_integrated,mapped
T1530,Data from Cloud Storage,enterprise,technique,,can_simulate,collection,IaaS; Office Suite; SaaS,cloud; onprem; saas,Cloud Storage Access; Network Traffic Content; User Account Authentication; User Account Metadata,AADInternals; Pacu; Peirates; TruffleHog,guidance_only,,2,not_integrated,mapped
T1531,Account Access Removal,enterprise,technique,,can_simulate,impact,Linux; macOS; Windows; SaaS; IaaS; Office Suite; ESXi,cloud; cloud-hosted-endpoint; onprem; saas; virtualization,Command Execution; Process Creation; User Account Authentication; User Account Deletion; User Account Modification,,rule_source_available,,6,not_integrated,mapped
T1534,Internal Spearphishing,enterprise,technique,,cannot_simulate_yet,lateral-movement,Linux; macOS; Office Suite; SaaS; Windows,cloud; cloud-hosted-endpoint; onprem; saas,Application Log Content; Command Execution; Logon Session Creation; Logon Session Metadata; Network Traffic Content; Process Creation; User Account Authentication,,guidance_only,,0,not_integrated,mapped
T1535,Unused/Unsupported Cloud Regions,enterprise,technique,,cannot_simulate_yet,stealth,IaaS,cloud,Cloud Storage Creation; Instance Start; Network Connection Creation; User Account Metadata,,guidance_only,,0,not_integrated,mapped
T1537,Transfer Data to Cloud Account,enterprise,technique,,cannot_simulate_yet,exfiltration,IaaS; Office Suite; SaaS,cloud; onprem; saas,Application Log Content; Cloud Storage Metadata; Cloud Storage Modification; Network Traffic Content; Snapshot Creation; Snapshot Metadata; Snapshot Modification,,rule_source_available,,0,not_integrated,mapped
T1538,Cloud Service Dashboard,enterprise,technique,,cannot_simulate_yet,discovery,IaaS; SaaS; Office Suite; Identity Provider,cloud; identity; onprem; saas,Application Log Content; Cloud Storage Metadata; Logon Session Creation; User Account Authentication,,guidance_only,,0,not_integrated,mapped
T1539,Steal Web Session Cookie,enterprise,technique,,can_simulate,credential-access,Linux; macOS; Office Suite; SaaS; Windows,cloud; cloud-hosted-endpoint; onprem; saas,Application Log Content; File Access; File Modification; Logon Session Creation; Process Access; Process Creation; User Account Authentication,evilginx2,rule_source_available,,5,not_integrated,mapped
T1542,Pre-OS Boot,enterprise,technique,,cannot_simulate_yet,persistence; stealth,Linux; macOS; Network Devices; Windows,cloud-hosted-endpoint; network-infrastructure; onprem,Command Execution; Drive Access; Drive Modification; File Creation; File Modification; Firmware Modification; Process Creation,,guidance_only,,0,not_integrated,mapped
T1542.001,System Firmware,enterprise,subtechnique,T1542,can_simulate,persistence; stealth,Network Devices; Windows,cloud-hosted-endpoint; network-infrastructure; onprem,Drive Access; Drive Modification; File Creation; Firmware Modification; Process Creation,,rule_source_available,,1,not_integrated,mapped
T1542.002,Component Firmware,enterprise,subtechnique,T1542,cannot_simulate_yet,persistence; stealth,Windows; Linux; macOS,cloud-hosted-endpoint; onprem,Driver Load; Firmware Modification,,guidance_only,,0,not_integrated,mapped
T1542.003,Bootkit,enterprise,subtechnique,T1542,cannot_simulate_yet,persistence; stealth,Linux; Windows,cloud-hosted-endpoint; onprem,Drive Access; Drive Modification; File Creation; File Modification,,rule_source_available,,0,not_integrated,mapped
T1542.004,ROMMONkit,enterprise,subtechnique,T1542,cannot_simulate_yet,persistence; stealth,Network Devices,network-infrastructure,Firmware Modification; Network Connection Creation; OS API Execution,,guidance_only,,0,not_integrated,mapped
T1542.005,TFTP Boot,enterprise,subtechnique,T1542,cannot_simulate_yet,persistence; stealth,Network Devices,network-infrastructure,Command Execution; Firmware Modification; Network Connection Creation,,guidance_only,,0,not_integrated,mapped
T1543,Create or Modify System Process,enterprise,technique,,cannot_simulate_yet,persistence; privilege-escalation,Containers; Linux; macOS; Windows,cloud-hosted-endpoint; containers; onprem,Command Execution; Container Creation; File Modification; Process Creation; Service Creation; Windows Registry Key Modification,,rule_source_available,Edge Anomaly; Novel-Category Anomaly; Peer-Group Anomaly,0,not_integrated,mapped
T1543.001,Launch Agent,enterprise,subtechnique,T1543,can_simulate,persistence; privilege-escalation,macOS,onprem,Command Execution; File Creation; File Modification; Service Creation,,rule_source_available,,3,not_integrated,mapped
T1543.002,Systemd Service,enterprise,subtechnique,T1543,can_simulate,persistence; privilege-escalation,Linux,cloud-hosted-endpoint; onprem,Command Execution; File Creation; File Modification; Process Creation; Service Creation,Pupy,rule_source_available,,4,not_integrated,mapped
T1543.003,Windows Service,enterprise,subtechnique,T1543,can_simulate,persistence; privilege-escalation,Windows,cloud-hosted-endpoint; onprem,Driver Load; Process Creation; Service Creation; Windows Registry Key Modification,Cobalt Strike; Empire; PowerSploit; PsExec; Remcos; SILENTTRINITY,rule_source_available,,6,not_integrated,mapped
T1543.004,Launch Daemon,enterprise,subtechnique,T1543,can_simulate,persistence; privilege-escalation,macOS,onprem,File Creation; File Modification; Process Creation; Service Creation,,rule_source_available,,1,not_integrated,mapped
T1543.005,Container Service,enterprise,subtechnique,T1543,cannot_simulate_yet,persistence; privilege-escalation,Containers,containers,Container Creation; Pod Creation; Process Creation; Service Creation,,guidance_only,,0,not_integrated,mapped
T1546,Event Triggered Execution,enterprise,technique,,can_simulate,persistence; privilege-escalation,Linux; macOS; Windows; SaaS; IaaS; Office Suite,cloud; cloud-hosted-endpoint; onprem; saas,Cloud Service Modification; Command Execution; File Metadata; File Modification; Network Traffic Content; Process Creation; Scheduled Job Creation; Script Execution; WMI Creation; Windows Registry Key Modification,Pacu,rule_source_available,,9,not_integrated,mapped
T1546.001,Change Default File Association,enterprise,subtechnique,T1546,can_simulate,persistence; privilege-escalation,Windows,cloud-hosted-endpoint; onprem,Logon Session Metadata; Process Creation; Windows Registry Key Modification,SILENTTRINITY,rule_source_available,,1,not_integrated,mapped
T1546.002,Screensaver,enterprise,subtechnique,T1546,can_simulate,persistence; privilege-escalation,Windows,cloud-hosted-endpoint; onprem,Process Creation; Windows Registry Key Modification,,rule_source_available,,1,not_integrated,mapped
T1546.003,Windows Management Instrumentation Event Subscription,enterprise,subtechnique,T1546,can_simulate,persistence; privilege-escalation,Windows,cloud-hosted-endpoint; onprem,Module Load; Process Creation; WMI Creation,PoshC2; SILENTTRINITY,rule_source_available,,4,not_integrated,mapped
T1546.004,Unix Shell Configuration Modification,enterprise,subtechnique,T1546,can_simulate,persistence; privilege-escalation,Linux; macOS,cloud-hosted-endpoint; onprem,File Modification; Network Traffic Content; Process Creation,,rule_source_available,,7,not_integrated,mapped
T1546.005,Trap,enterprise,subtechnique,T1546,can_simulate,persistence; privilege-escalation,macOS; Linux,cloud-hosted-endpoint; onprem,File Access; File Modification; Process Creation,,guidance_only,,5,not_integrated,mapped
T1546.006,LC_LOAD_DYLIB Addition,enterprise,subtechnique,T1546,cannot_simulate_yet,persistence; privilege-escalation,macOS,onprem,File Metadata; File Modification; Module Load,,guidance_only,,0,not_integrated,mapped
T1546.007,Netsh Helper DLL,enterprise,subtechnique,T1546,can_simulate,persistence; privilege-escalation,Windows,cloud-hosted-endpoint; onprem,Module Load; Process Creation; Windows Registry Key Modification,netsh,rule_source_available,,1,not_integrated,mapped
T1546.008,Accessibility Features,enterprise,subtechnique,T1546,can_simulate,persistence; privilege-escalation,Windows,cloud-hosted-endpoint; onprem,File Creation; File Metadata; Process Creation; Windows Registry Key Modification,Empire,rule_source_available,,10,not_integrated,mapped
T1546.009,AppCert DLLs,enterprise,subtechnique,T1546,can_simulate,persistence; privilege-escalation,Windows,cloud-hosted-endpoint; onprem,Module Load; Process Creation; Windows Registry Key Modification,,rule_source_available,,1,not_integrated,mapped
T1546.010,AppInit DLLs,enterprise,subtechnique,T1546,can_simulate,persistence; privilege-escalation,Windows,cloud-hosted-endpoint; onprem,Module Load; Process Creation; Windows Registry Key Modification,,rule_source_available,,1,not_integrated,mapped
T1546.011,Application Shimming,enterprise,subtechnique,T1546,can_simulate,persistence; privilege-escalation,Windows,cloud-hosted-endpoint; onprem,File Creation; Module Load; Process Creation; Windows Registry Key Modification,,rule_source_available,,3,not_integrated,mapped
T1546.012,Image File Execution Options Injection,enterprise,subtechnique,T1546,can_simulate,persistence; privilege-escalation,Windows,cloud-hosted-endpoint; onprem,Process Access; Process Creation; Windows Registry Key Creation; Windows Registry Key Modification,,rule_source_available,,3,not_integrated,mapped
T1546.013,PowerShell Profile,enterprise,subtechnique,T1546,can_simulate,persistence; privilege-escalation,Windows,cloud-hosted-endpoint; onprem,Command Execution; File Creation; File Modification; Process Creation,,rule_source_available,,2,not_integrated,mapped
T1546.014,Emond,enterprise,subtechnique,T1546,can_simulate,persistence; privilege-escalation,macOS,onprem,Command Execution; File Creation; File Modification; Process Creation,,rule_source_available,,1,not_integrated,mapped
T1546.015,Component Object Model Hijacking,enterprise,subtechnique,T1546,can_simulate,persistence; privilege-escalation,Windows,cloud-hosted-endpoint; onprem,Module Load; Process Creation; Windows Registry Key Modification,PcShare; SILENTTRINITY,rule_source_available,,4,not_integrated,mapped
T1546.016,Installer Packages,enterprise,subtechnique,T1546,cannot_simulate_yet,persistence; privilege-escalation,Linux; macOS; Windows,cloud-hosted-endpoint; onprem,File Creation; Process Creation,,guidance_only,,0,not_integrated,mapped
T1546.017,Udev Rules,enterprise,subtechnique,T1546,cannot_simulate_yet,persistence; privilege-escalation,Linux,cloud-hosted-endpoint; onprem,Command Execution; File Modification; Process Creation,,guidance_only,,0,not_integrated,mapped
T1546.018,Python Startup Hooks,enterprise,subtechnique,T1546,can_simulate,persistence; privilege-escalation,Linux; macOS; Windows,cloud-hosted-endpoint; onprem,File Metadata; File Modification; Network Traffic Content; Process Creation,,guidance_only,,5,not_integrated,mapped
T1547,Boot or Logon Autostart Execution,enterprise,technique,,can_simulate,persistence; privilege-escalation,Linux; macOS; Windows; Network Devices,cloud-hosted-endpoint; network-infrastructure; onprem,File Creation; File Modification; Process Creation; Service Metadata; Windows Registry Key Modification,,rule_source_available,Change-Point Anomaly; Novel-Category Anomaly; Self-Baseline Anomaly,3,not_integrated,mapped
T1547.001,Registry Run Keys / Startup Folder,enterprise,subtechnique,T1547,can_simulate,persistence; privilege-escalation,Windows,cloud-hosted-endpoint; onprem,File Creation; Process Creation; Windows Registry Key Modification,Empire; Koadic; MCMD; PowerSploit; Pupy; QuasarRAT; Remcos; SILENTTRINITY,rule_source_available,,21,not_integrated,mapped
T1547.002,Authentication Package,enterprise,subtechnique,T1547,can_simulate,persistence; privilege-escalation,Windows,cloud-hosted-endpoint; onprem,Module Load; Windows Registry Key Modification,,rule_source_available,,1,not_integrated,mapped
T1547.003,Time Providers,enterprise,subtechnique,T1547,can_simulate,persistence; privilege-escalation,Windows,cloud-hosted-endpoint; onprem,File Creation; Module Load; Process Creation; Windows Registry Key Modification,,rule_source_available,,2,not_integrated,mapped
T1547.004,Winlogon Helper DLL,enterprise,subtechnique,T1547,can_simulate,persistence; privilege-escalation,Windows,cloud-hosted-endpoint; onprem,Module Load; Process Creation; Windows Registry Key Access; Windows Registry Key Modification,,rule_source_available,,5,not_integrated,mapped
T1547.005,Security Support Provider,enterprise,subtechnique,T1547,can_simulate,persistence; privilege-escalation,Windows,cloud-hosted-endpoint; onprem,Module Load; Process Creation; Windows Registry Key Modification,Empire; Mimikatz; PowerSploit,rule_source_available,,2,not_integrated,mapped
T1547.006,Kernel Modules and Extensions,enterprise,subtechnique,T1547,can_simulate,persistence; privilege-escalation,macOS; Linux,cloud-hosted-endpoint; onprem,Command Execution; File Creation; File Modification; Kernel Module Load; Process Creation,,rule_source_available,,3,not_integrated,mapped
T1547.007,Re-opened Applications,enterprise,subtechnique,T1547,can_simulate,persistence; privilege-escalation,macOS,onprem,File Metadata; File Modification; Logon Session Metadata; Process Creation,,guidance_only,,3,not_integrated,mapped
T1547.008,LSASS Driver,enterprise,subtechnique,T1547,can_simulate,persistence; privilege-escalation,Windows,cloud-hosted-endpoint; onprem,Driver Load; File Creation; File Modification; Module Load; Windows Registry Key Creation; Windows Registry Key Modification,,rule_source_available,,1,not_integrated,mapped
T1547.009,Shortcut Modification,enterprise,subtechnique,T1547,can_simulate,persistence; privilege-escalation,Windows,cloud-hosted-endpoint; onprem,File Creation; File Metadata; File Modification; Process Creation,Empire,rule_source_available,,2,not_integrated,mapped
T1547.010,Port Monitors,enterprise,subtechnique,T1547,can_simulate,persistence; privilege-escalation,Windows,cloud-hosted-endpoint; onprem,File Creation; Module Load; OS API Execution; Process Creation; Windows Registry Key Modification,,rule_source_available,,1,not_integrated,mapped
T1547.012,Print Processors,enterprise,subtechnique,T1547,can_simulate,persistence; privilege-escalation,Windows,cloud-hosted-endpoint; onprem,File Creation; Module Load; Process Access; Windows Registry Key Modification,,guidance_only,,1,not_integrated,mapped
T1547.013,XDG Autostart Entries,enterprise,subtechnique,T1547,cannot_simulate_yet,persistence; privilege-escalation,Linux,cloud-hosted-endpoint; onprem,File Access; File Creation; File Metadata; Logon Session Creation; Process Creation,Pupy,guidance_only,,0,not_integrated,mapped
T1547.014,Active Setup,enterprise,subtechnique,T1547,can_simulate,persistence; privilege-escalation,Windows,cloud-hosted-endpoint; onprem,Logon Session Metadata; Process Creation; Windows Registry Key Creation; Windows Registry Key Modification,,rule_source_available,,3,not_integrated,mapped
T1547.015,Login Items,enterprise,subtechnique,T1547,can_simulate,persistence; privilege-escalation,macOS,onprem,File Modification; OS API Execution; Process Creation; Script Execution,,rule_source_available,,1,not_integrated,mapped
T1548,Abuse Elevation Control Mechanism,enterprise,technique,,cannot_simulate_yet,privilege-escalation,Linux; macOS; Windows; IaaS; Office Suite; Identity Provider,cloud; cloud-hosted-endpoint; identity; onprem,File Metadata; Logon Session Metadata; OS API Execution; Process Creation; Process Metadata; User Account Modification; Windows Registry Key Modification,,rule_source_available,Burst Anomaly; Peer-Group Anomaly; Transition Anomaly,0,not_integrated,mapped
T1548.001,Setuid and Setgid,enterprise,subtechnique,T1548,can_simulate,privilege-escalation,Linux; macOS,cloud-hosted-endpoint; onprem,Command Execution; Process Creation; Process Metadata,,rule_source_available,,10,not_integrated,mapped
T1548.002,Bypass User Account Control,enterprise,subtechnique,T1548,can_simulate,privilege-escalation,Windows,cloud-hosted-endpoint; onprem,Logon Session Metadata; Module Load; Process Access; Process Creation; Windows Registry Key Modification,Cobalt Strike; CSPY Downloader; Empire; Koadic; PoshC2; Pupy; QuasarRAT; Remcos; SILENTTRINITY; Sliver; UACMe,rule_source_available,,28,not_integrated,mapped
T1548.003,Sudo and Sudo Caching,enterprise,subtechnique,T1548,can_simulate,privilege-escalation,Linux; macOS,cloud-hosted-endpoint; onprem,Command Execution; File Modification; Process Metadata; Process Termination,Cobalt Strike,rule_source_available,,6,not_integrated,mapped
T1548.004,Elevated Execution with Prompt,enterprise,subtechnique,T1548,cannot_simulate_yet,privilege-escalation,macOS,onprem,OS API Execution; Process Creation; User Account Authentication,,guidance_only,,0,not_integrated,mapped
T1548.005,Temporary Elevated Cloud Access,enterprise,subtechnique,T1548,cannot_simulate_yet,privilege-escalation,IaaS; Office Suite; Identity Provider,cloud; identity; onprem,Application Log Content; User Account Authentication; User Account Metadata,,guidance_only,,0,not_integrated,mapped
T1548.006,TCC Manipulation,enterprise,subtechnique,T1548,cannot_simulate_yet,privilege-escalation,macOS,onprem,Command Execution; File Modification; Host Status; Process Creation,,guidance_only,,0,not_integrated,mapped
T1550,Use Alternate Authentication Material,enterprise,technique,,cannot_simulate_yet,lateral-movement,Containers; IaaS; Identity Provider; Linux; Office Suite; SaaS; Windows,cloud; cloud-hosted-endpoint; containers; identity; onprem; saas,Application Log Content; Logon Session Creation; Process Creation; User Account Authentication; User Account Metadata; Web Credential Usage,,rule_source_available,,0,not_integrated,mapped
T1550.001,Application Access Token,enterprise,subtechnique,T1550,cannot_simulate_yet,lateral-movement,Containers; IaaS; Identity Provider; Office Suite; SaaS,cloud; containers; identity; onprem; saas,User Account Authentication; Web Credential Usage,Peirates,rule_source_available,,0,not_integrated,mapped
T1550.002,Pass the Hash,enterprise,subtechnique,T1550,can_simulate,lateral-movement,Windows,cloud-hosted-endpoint; onprem,Active Directory Credential Request; Logon Session Creation; Network Connection Creation; Process Creation,Cobalt Strike; CrackMapExec; Empire; Mimikatz; Pass-The-Hash Toolkit; PoshC2,rule_source_available,,3,not_integrated,mapped
T1550.003,Pass the Ticket,enterprise,subtechnique,T1550,can_simulate,lateral-movement,Windows,cloud-hosted-endpoint; onprem,Active Directory Credential Request; Logon Session Creation; Module Load; Process Access; User Account Authentication,Mimikatz; Pupy; Rubeus,rule_source_available,,2,not_integrated,mapped
T1550.004,Web Session Cookie,enterprise,subtechnique,T1550,cannot_simulate_yet,lateral-movement,IaaS; Office Suite; SaaS,cloud; onprem; saas,Logon Session Creation; User Account Authentication; Web Credential Usage,,guidance_only,,0,not_integrated,mapped
T1552,Unsecured Credentials,enterprise,technique,,can_simulate,credential-access,Windows; SaaS; IaaS; Linux; macOS; Containers; Network Devices; Office Suite; Identity Provider,cloud; cloud-hosted-endpoint; containers; identity; network-infrastructure; onprem; saas,Application Log Content; Cloud Service Metadata; Command Execution; File Access; File Creation; Network Traffic Content; Process Creation; User Account Authentication; Windows Registry Key Modification,NPPSPY; Pacu,rule_source_available,Burst Anomaly; Edge Anomaly; Peer-Group Anomaly,2,not_integrated,mapped
T1552.001,Credentials In Files,enterprise,subtechnique,T1552,can_simulate,credential-access,Containers; IaaS; Linux; macOS; Windows,cloud; cloud-hosted-endpoint; containers; onprem,Command Execution; File Access; File Creation; Logon Session Creation; Network Connection Creation; Process Creation,AADInternals; Empire; LaZagne; PoshC2; Pupy; QuasarRAT; TruffleHog,rule_source_available,,32,not_integrated,mapped
T1552.002,Credentials in Registry,enterprise,subtechnique,T1552,can_simulate,credential-access,Windows,cloud-hosted-endpoint; onprem,Process Creation; Windows Registry Key Access; Windows Registry Key Modification,PowerSploit; Reg,rule_source_available,,2,not_integrated,mapped
T1552.003,Shell History,enterprise,subtechnique,T1552,can_simulate,credential-access,Linux; macOS; Windows,cloud-hosted-endpoint; onprem,File Access; File Creation; Process Creation; Process Metadata,,rule_source_available,,4,not_integrated,mapped
T1552.004,Private Keys,enterprise,subtechnique,T1552,can_simulate,credential-access,Linux; macOS; Network Devices; Windows,cloud-hosted-endpoint; network-infrastructure; onprem,Command Execution; File Access; File Creation; Network Share Access; Process Creation,AADInternals; Empire; Mimikatz,rule_source_available,,17,not_integrated,mapped
T1552.005,Cloud Instance Metadata API,enterprise,subtechnique,T1552,can_simulate,credential-access,IaaS,cloud,Cloud Service Metadata; Network Connection Creation; Network Traffic Content,Peirates; TruffleHog,guidance_only,,2,not_integrated,mapped
T1552.006,Group Policy Preferences,enterprise,subtechnique,T1552,can_simulate,credential-access,Windows,cloud-hosted-endpoint; onprem,File Creation; Network Share Access; Process Creation; Script Execution,PowerSploit; SILENTTRINITY,rule_source_available,,2,not_integrated,mapped
T1552.007,Container API,enterprise,subtechnique,T1552,can_simulate,credential-access,Containers,containers,Application Log Content; Command Execution; Process Creation; User Account Authentication,Peirates,rule_source_available,,2,not_integrated,mapped
T1552.008,Chat Messages,enterprise,subtechnique,T1552,cannot_simulate_yet,credential-access,SaaS; Office Suite,cloud; onprem; saas,Application Log Content; User Account Authentication,,guidance_only,,0,not_integrated,mapped
T1553,Subvert Trust Controls,enterprise,technique,,cannot_simulate_yet,defense-impairment,Linux; macOS; Windows,cloud-hosted-endpoint; onprem,Command Execution; File Creation; File Metadata; Process Creation; Windows Registry Key Modification,,rule_source_available,,0,not_integrated,mapped
T1553.001,Gatekeeper Bypass,enterprise,subtechnique,T1553,can_simulate,defense-impairment,macOS,onprem,File Metadata; File Modification; Process Creation,,rule_source_available,,1,not_integrated,mapped
T1553.002,Code Signing,enterprise,subtechnique,T1553,cannot_simulate_yet,defense-impairment,macOS; Windows,cloud-hosted-endpoint; onprem,File Metadata; Module Load; Process Creation,Cobalt Strike; CSPY Downloader; QuasarRAT,rule_source_available,,0,not_integrated,mapped
T1553.003,SIP and Trust Provider Hijacking,enterprise,subtechnique,T1553,can_simulate,defense-impairment,Windows,cloud-hosted-endpoint; onprem,File Modification; Module Load; Windows Registry Key Modification,,rule_source_available,,1,not_integrated,mapped
T1553.004,Install Root Certificate,enterprise,subtechnique,T1553,can_simulate,defense-impairment,Linux; macOS; Windows,cloud-hosted-endpoint; onprem,Command Execution; File Modification; Process Creation; Windows Registry Key Creation; Windows Registry Key Modification,certutil; evilginx2,rule_source_available,,7,not_integrated,mapped
T1553.005,Mark-of-the-Web Bypass,enterprise,subtechnique,T1553,can_simulate,defense-impairment,Windows,cloud-hosted-endpoint; onprem,File Access; File Creation; File Metadata,,rule_source_available,,4,not_integrated,mapped
T1553.006,Code Signing Policy Modification,enterprise,subtechnique,T1553,can_simulate,defense-impairment,macOS; Windows,cloud-hosted-endpoint; onprem,Command Execution; Process Creation; Windows Registry Key Modification,,guidance_only,,1,not_integrated,mapped
T1554,Compromise Host Software Binary,enterprise,technique,,cannot_simulate_yet,persistence,ESXi; Linux; macOS; Windows,cloud-hosted-endpoint; onprem; virtualization,File Creation; File Modification; Module Load; Process Creation,,rule_source_available,,0,not_integrated,mapped
T1555,Credentials from Password Stores,enterprise,technique,,can_simulate,credential-access,IaaS; Linux; macOS; Windows,cloud; cloud-hosted-endpoint; onprem,Cloud Service Enumeration; File Access; OS API Execution; Process Access; Process Creation,LaZagne; Mimikatz; PoshC2; Pupy; QuasarRAT,rule_source_available,,9,not_integrated,mapped
T1555.001,Keychain,enterprise,subtechnique,T1555,can_simulate,credential-access,macOS,onprem,File Access; OS API Execution; Process Creation,Empire; LaZagne,rule_source_available,,4,not_integrated,mapped
T1555.002,Securityd Memory,enterprise,subtechnique,T1555,cannot_simulate_yet,credential-access,Linux; macOS,cloud-hosted-endpoint; onprem,Command Execution; File Access; Process Access; Process Creation,,guidance_only,,0,not_integrated,mapped
T1555.003,Credentials from Web Browsers,enterprise,subtechnique,T1555,can_simulate,credential-access,Linux; macOS; Windows,cloud-hosted-endpoint; onprem,File Access; Process Access; Process Creation,Empire; Imminent Monitor; LaZagne; Mimikatz; Pupy; QuasarRAT; SILENTTRINITY,rule_source_available,,18,not_integrated,mapped
T1555.004,Windows Credential Manager,enterprise,subtechnique,T1555,can_simulate,credential-access,Windows,cloud-hosted-endpoint; onprem,File Metadata; Process Access; Process Creation,LaZagne; Mimikatz; PowerSploit; SILENTTRINITY,rule_source_available,,2,not_integrated,mapped
T1555.005,Password Managers,enterprise,subtechnique,T1555,cannot_simulate_yet,credential-access,Linux; macOS; Windows,cloud-hosted-endpoint; onprem,File Access; File Metadata; Process Access; Process Creation,,rule_source_available,,0,not_integrated,mapped
T1555.006,Cloud Secrets Management Stores,enterprise,subtechnique,T1555,can_simulate,credential-access,IaaS,cloud,Cloud Service Enumeration,Pacu; TruffleHog,guidance_only,,1,not_integrated,mapped
T1556,Modify Authentication Process,enterprise,technique,,cannot_simulate_yet,credential-access; defense-impairment; persistence,IaaS; Identity Provider; Linux; macOS; Network Devices; Office Suite; SaaS; Windows,cloud; cloud-hosted-endpoint; identity; network-infrastructure; onprem; saas,Cloud Service Modification; File Modification; Module Load; Process Access; Process Creation; User Account Modification; Windows Registry Key Modification,SILENTTRINITY,rule_source_available,,0,not_integrated,mapped
T1556.001,Domain Controller Authentication,enterprise,subtechnique,T1556,can_simulate,credential-access; defense-impairment; persistence,Windows,cloud-hosted-endpoint; onprem,File Modification; Logon Session Creation; Module Load; Process Access,,guidance_only,,1,not_integrated,mapped
T1556.002,Password Filter DLL,enterprise,subtechnique,T1556,can_simulate,credential-access; defense-impairment; persistence,Windows,cloud-hosted-endpoint; onprem,File Creation; Module Load; Windows Registry Key Modification,,rule_source_available,,2,not_integrated,mapped
T1556.003,Pluggable Authentication Modules,enterprise,subtechnique,T1556,can_simulate,credential-access; defense-impairment; persistence,Linux; macOS,cloud-hosted-endpoint; onprem,File Modification; Logon Session Creation; Process Creation,,guidance_only,,3,not_integrated,mapped
T1556.004,Network Device Authentication,enterprise,subtechnique,T1556,cannot_simulate_yet,credential-access; defense-impairment; persistence,Network Devices,network-infrastructure,File Modification; User Account Authentication,,rule_source_available,,0,not_integrated,mapped
T1556.005,Reversible Encryption,enterprise,subtechnique,T1556,cannot_simulate_yet,credential-access; defense-impairment; persistence,Windows,cloud-hosted-endpoint; onprem,Active Directory Object Modification; Command Execution; Process Creation,,guidance_only,,0,not_integrated,mapped
T1556.006,Multi-Factor Authentication,enterprise,subtechnique,T1556,cannot_simulate_yet,credential-access; defense-impairment; persistence,IaaS; Identity Provider; Linux; macOS; Office Suite; SaaS; Windows,cloud; cloud-hosted-endpoint; identity; onprem; saas,Active Directory Object Modification; Application Log Content; Cloud Service Modification; File Modification; Script Execution; User Account Authentication; User Account Modification,AADInternals,rule_source_available,,0,not_integrated,mapped
T1556.007,Hybrid Identity,enterprise,subtechnique,T1556,cannot_simulate_yet,credential-access; defense-impairment; persistence,IaaS; Identity Provider; Office Suite; SaaS; Windows,cloud; cloud-hosted-endpoint; identity; onprem; saas,Active Directory Object Modification; Application Log Content; Cloud Service Modification; Logon Session Creation; Module Load; User Account Modification,AADInternals,guidance_only,,0,not_integrated,mapped
T1556.008,Network Provider DLL,enterprise,subtechnique,T1556,cannot_simulate_yet,credential-access; defense-impairment; persistence,Windows,cloud-hosted-endpoint; onprem,File Creation; Module Load; Process Access; Windows Registry Key Modification,,guidance_only,,0,not_integrated,mapped
T1556.009,Conditional Access Policies,enterprise,subtechnique,T1556,cannot_simulate_yet,credential-access; defense-impairment; persistence,IaaS; Identity Provider,cloud; identity,Active Directory Object Modification; Application Log Content; Cloud Service Modification,,guidance_only,,0,not_integrated,mapped
T1557,Adversary-in-the-Middle,enterprise,technique,,cannot_simulate_yet,collection; credential-access,Linux; macOS; Network Devices; Windows,cloud-hosted-endpoint; network-infrastructure; onprem,Application Log Content; File Modification; Network Connection Creation; Network Traffic Content; Network Traffic Flow; Windows Registry Key Modification,evilginx2; NPPSPY,rule_source_available,,0,not_integrated,mapped
T1557.001,Name Resolution Poisoning and SMB Relay,enterprise,subtechnique,T1557,can_simulate,collection; credential-access,Windows,cloud-hosted-endpoint; onprem,Network Traffic Content; Network Traffic Flow; Service Creation; Windows Registry Key Modification,Empire; Impacket; PoshC2; Pupy; Responder,rule_source_available,,1,not_integrated,mapped
T1557.002,ARP Cache Poisoning,enterprise,subtechnique,T1557,cannot_simulate_yet,collection; credential-access,Linux; Windows; macOS,cloud-hosted-endpoint; onprem,Network Connection Creation; Network Traffic Content; Network Traffic Flow,,guidance_only,,0,not_integrated,mapped
T1557.003,DHCP Spoofing,enterprise,subtechnique,T1557,cannot_simulate_yet,collection; credential-access,Linux; Windows; macOS,cloud-hosted-endpoint; onprem,Application Log Content; Network Traffic Content; Network Traffic Flow,,rule_source_available,,0,not_integrated,mapped
T1557.004,Evil Twin,enterprise,subtechnique,T1557,cannot_simulate_yet,collection; credential-access,Network Devices,network-infrastructure,Application Log Content; Network Traffic Content; Network Traffic Flow,,guidance_only,,0,not_integrated,mapped
T1558,Steal or Forge Kerberos Tickets,enterprise,technique,,cannot_simulate_yet,credential-access,Linux; macOS; Windows,cloud-hosted-endpoint; onprem,Active Directory Credential Request; File Access; Logon Session Metadata; Process Access,,rule_source_available,,0,not_integrated,mapped
T1558.001,Golden Ticket,enterprise,subtechnique,T1558,can_simulate,credential-access,Windows,cloud-hosted-endpoint; onprem,Active Directory Credential Request; Logon Session Metadata; Process Access,Empire; Mimikatz; Rubeus; Sliver,guidance_only,,2,not_integrated,mapped
T1558.002,Silver Ticket,enterprise,subtechnique,T1558,can_simulate,credential-access,Windows,cloud-hosted-endpoint; onprem,Active Directory Credential Request; Logon Session Metadata; Process Access,AADInternals; Empire; Mimikatz; Rubeus,guidance_only,,1,not_integrated,mapped
T1558.003,Kerberoasting,enterprise,subtechnique,T1558,can_simulate,credential-access,Windows,cloud-hosted-endpoint; onprem,Active Directory Credential Request; Logon Session Creation; Logon Session Metadata; Process Access,Brute Ratel C4; Empire; Impacket; PowerSploit; Rubeus; SILENTTRINITY,rule_source_available,Burst Anomaly; Fan-Out Anomaly; Rare-Category Anomaly,7,not_integrated,mapped
T1558.004,AS-REP Roasting,enterprise,subtechnique,T1558,can_simulate,credential-access,Windows,cloud-hosted-endpoint; onprem,Active Directory Credential Request; Process Creation,Rubeus,guidance_only,,3,not_integrated,mapped
T1558.005,Ccache Files,enterprise,subtechnique,T1558,cannot_simulate_yet,credential-access,Linux; macOS,cloud-hosted-endpoint; onprem,File Access; Process Creation,Impacket,guidance_only,,0,not_integrated,mapped
T1559,Inter-Process Communication,enterprise,technique,,can_simulate,execution,Linux; macOS; Windows,cloud-hosted-endpoint; onprem,File Access; Named Pipe Metadata; Process Access; Process Creation; Script Execution,,guidance_only,,7,not_integrated,mapped
T1559.001,Component Object Model,enterprise,subtechnique,T1559,cannot_simulate_yet,execution,Windows,cloud-hosted-endpoint; onprem,Module Load; Process Creation; Windows Registry Key Access,SILENTTRINITY,rule_source_available,,0,not_integrated,mapped
T1559.002,Dynamic Data Exchange,enterprise,subtechnique,T1559,can_simulate,execution,Windows,cloud-hosted-endpoint; onprem,Module Load; Process Creation; Windows Registry Key Access,,rule_source_available,,3,not_integrated,mapped
T1559.003,XPC Services,enterprise,subtechnique,T1559,cannot_simulate_yet,execution,macOS,onprem,Named Pipe Metadata; Process Access; Process Creation,,guidance_only,,0,not_integrated,mapped
T1560,Archive Collected Data,enterprise,technique,,can_simulate,collection,Linux; macOS; Windows,cloud-hosted-endpoint; onprem,Command Execution; File Creation; Module Load; Process Creation,BloodHound; Empire; ShimRatReporter,rule_source_available,,1,not_integrated,mapped
T1560.001,Archive via Utility,enterprise,subtechnique,T1560,can_simulate,collection,Linux; macOS; Windows,cloud-hosted-endpoint; onprem,Command Execution; File Creation; Module Load; Process Creation,certutil; PoshC2; Pupy; Rclone; Remcos,rule_source_available,,13,not_integrated,mapped
T1560.002,Archive via Library,enterprise,subtechnique,T1560,can_simulate,collection,Linux; macOS; Windows,cloud-hosted-endpoint; onprem,Command Execution; File Creation; Module Load; Process Creation,,guidance_only,,4,not_integrated,mapped
T1560.003,Archive via Custom Method,enterprise,subtechnique,T1560,cannot_simulate_yet,collection,Linux; macOS; Windows,cloud-hosted-endpoint; onprem,Command Execution; File Creation; Process Access; Process Creation; Process Modification,,guidance_only,,0,not_integrated,mapped
T1561,Disk Wipe,enterprise,technique,,cannot_simulate_yet,impact,Linux; macOS; Windows; Network Devices,cloud-hosted-endpoint; network-infrastructure; onprem,Command Execution; Drive Access; Drive Modification; Driver Load; Process Creation; User Account Authentication; User Account Metadata,,guidance_only,,0,not_integrated,mapped
T1561.001,Disk Content Wipe,enterprise,subtechnique,T1561,cannot_simulate_yet,impact,Linux; macOS; Network Devices; Windows,cloud-hosted-endpoint; network-infrastructure; onprem,Command Execution; Drive Access; Drive Modification; Driver Load; Process Creation; User Account Authentication; User Account Metadata,cipher.exe; RawDisk,rule_source_available,,0,not_integrated,mapped
T1561.002,Disk Structure Wipe,enterprise,subtechnique,T1561,cannot_simulate_yet,impact,Linux; macOS; Network Devices; Windows,cloud-hosted-endpoint; network-infrastructure; onprem,Command Execution; Drive Access; Drive Modification; Driver Load; Process Creation; User Account Authentication; User Account Metadata,Diskpart; RawDisk,rule_source_available,,0,not_integrated,mapped
T1563,Remote Service Session Hijacking,enterprise,technique,,cannot_simulate_yet,lateral-movement,Linux; macOS; Windows,cloud-hosted-endpoint; onprem,Command Execution; Logon Session Creation; Network Connection Creation; Network Traffic Content; Network Traffic Flow; Process Creation,,guidance_only,,0,not_integrated,mapped
T1563.001,SSH Hijacking,enterprise,subtechnique,T1563,cannot_simulate_yet,lateral-movement,Linux; macOS,cloud-hosted-endpoint; onprem,Logon Session Creation; Network Connection Creation; Process Creation; Process Metadata,,guidance_only,,0,not_integrated,mapped
T1563.002,RDP Hijacking,enterprise,subtechnique,T1563,can_simulate,lateral-movement,Windows,cloud-hosted-endpoint; onprem,Logon Session Creation; Network Connection Creation; Process Creation; Service Creation,,rule_source_available,,1,not_integrated,mapped
T1564,Hide Artifacts,enterprise,technique,,can_simulate,stealth,ESXi; Linux; macOS; Office Suite; Windows,cloud-hosted-endpoint; onprem; virtualization,Application Log Content; Command Execution; File Creation; File Metadata; Process Creation; Windows Registry Key Modification,Remcos,rule_source_available,,5,not_integrated,mapped
T1564.001,Hidden Files and Directories,enterprise,subtechnique,T1564,can_simulate,stealth,Linux; macOS; Windows,cloud-hosted-endpoint; onprem,Command Execution; File Creation; File Metadata; Process Creation,attrib; Imminent Monitor; QuasarRAT,rule_source_available,,10,not_integrated,mapped
T1564.002,Hidden Users,enterprise,subtechnique,T1564,can_simulate,stealth,Linux; macOS; Windows,cloud-hosted-endpoint; onprem,Command Execution; File Modification; User Account Creation; User Account Metadata; Windows Registry Key Modification,,rule_source_available,,3,not_integrated,mapped
T1564.003,Hidden Window,enterprise,subtechnique,T1564,can_simulate,stealth,Linux; macOS; Windows,cloud-hosted-endpoint; onprem,Command Execution; File Modification; Process Creation; Process Metadata; Windows Registry Key Modification,AsyncRAT; Koadic; MCMD; QuasarRAT; Remcos; SILENTTRINITY,rule_source_available,,3,not_integrated,mapped
T1564.004,NTFS File Attributes,enterprise,subtechnique,T1564,can_simulate,stealth,Windows,cloud-hosted-endpoint; onprem,File Creation; File Metadata; OS API Execution; Process Creation,esentutl; Expand,rule_source_available,,5,not_integrated,mapped
T1564.005,Hidden File System,enterprise,subtechnique,T1564,cannot_simulate_yet,stealth,Linux; macOS; Windows,cloud-hosted-endpoint; onprem,Command Execution; File Modification; Firmware Modification; Process Creation; Windows Registry Key Modification,,guidance_only,,0,not_integrated,mapped
T1564.006,Run Virtual Instance,enterprise,subtechnique,T1564,can_simulate,stealth,ESXi; Linux; macOS; Windows,cloud-hosted-endpoint; onprem; virtualization,Command Execution; File Creation; File Modification; Image Metadata; Process Creation; Service Creation; Windows Registry Key Modification,,rule_source_available,,3,not_integrated,mapped
T1564.007,VBA Stomping,enterprise,subtechnique,T1564,cannot_simulate_yet,stealth,Linux; macOS; Windows,cloud-hosted-endpoint; onprem,File Creation; File Metadata; Process Creation,,guidance_only,,0,not_integrated,mapped
T1564.008,Email Hiding Rules,enterprise,subtechnique,T1564,cannot_simulate_yet,stealth,Windows; Linux; macOS; Office Suite,cloud-hosted-endpoint; onprem,Application Log Content; Command Execution; File Modification; Process Creation,,guidance_only,,0,not_integrated,mapped
T1564.009,Resource Forking,enterprise,subtechnique,T1564,cannot_simulate_yet,stealth,macOS,onprem,Command Execution; File Metadata; Process Creation,,guidance_only,,0,not_integrated,mapped
T1564.010,Process Argument Spoofing,enterprise,subtechnique,T1564,cannot_simulate_yet,stealth,Windows,cloud-hosted-endpoint; onprem,Process Access; Process Creation,Cobalt Strike,guidance_only,,0,not_integrated,mapped
T1564.011,Ignore Process Interrupts,enterprise,subtechnique,T1564,cannot_simulate_yet,stealth,Linux; macOS; Windows,cloud-hosted-endpoint; onprem,Command Execution; Process Creation,,guidance_only,,0,not_integrated,mapped
T1564.012,File/Path Exclusions,enterprise,subtechnique,T1564,can_simulate,stealth,Linux; macOS; Windows,cloud-hosted-endpoint; onprem,File Access; File Creation; File Metadata; Process Creation,,guidance_only,,1,not_integrated,mapped
T1564.013,Bind Mounts,enterprise,subtechnique,T1564,cannot_simulate_yet,stealth,Linux,cloud-hosted-endpoint; onprem,File Creation; OS API Execution; Process Metadata,,guidance_only,,0,not_integrated,mapped
T1564.014,Extended Attributes,enterprise,subtechnique,T1564,cannot_simulate_yet,stealth,Linux; macOS,cloud-hosted-endpoint; onprem,Command Execution; File Metadata,,guidance_only,,0,not_integrated,mapped
T1565,Data Manipulation,enterprise,technique,,cannot_simulate_yet,impact,Linux; macOS; Windows,cloud-hosted-endpoint; onprem,File Access; File Creation; File Metadata; File Modification; Network Traffic Content; OS API Execution,,rule_source_available,,0,not_integrated,mapped
T1565.001,Stored Data Manipulation,enterprise,subtechnique,T1565,cannot_simulate_yet,impact,Linux; macOS; Windows,cloud-hosted-endpoint; onprem,File Creation; File Deletion; File Metadata; File Modification,,rule_source_available,,0,not_integrated,mapped
T1565.002,Transmitted Data Manipulation,enterprise,subtechnique,T1565,cannot_simulate_yet,impact,Linux; macOS; Windows,cloud-hosted-endpoint; onprem,File Metadata; Network Connection Creation; Network Traffic Content; Network Traffic Flow; OS API Execution,,rule_source_available,,0,not_integrated,mapped
T1565.003,Runtime Data Manipulation,enterprise,subtechnique,T1565,cannot_simulate_yet,impact,Linux; macOS; Windows,cloud-hosted-endpoint; onprem,File Creation; File Metadata; File Modification; OS API Execution; Windows Registry Key Modification,,guidance_only,,0,not_integrated,mapped
T1566,Phishing,enterprise,technique,,cannot_simulate_yet,initial-access,Identity Provider; Linux; macOS; Office Suite; SaaS; Windows,cloud; cloud-hosted-endpoint; identity; onprem; saas,Application Log Content; File Creation; Logon Session Creation; Process Creation,,rule_source_available,Cross-View Anomaly; Edge Anomaly; Multivariate Combination Anomaly; Novel-Category Anomaly; Sequence-Order Anomaly; Transition Anomaly,0,not_integrated,mapped
T1566.001,Spearphishing Attachment,enterprise,subtechnique,T1566,can_simulate,initial-access,Linux; macOS; Windows,cloud-hosted-endpoint; onprem,Application Log Content; File Creation; Network Connection Creation; Network Traffic Flow; Process Creation,AsyncRAT; Remcos,rule_source_available,,2,not_integrated,mapped
T1566.002,Spearphishing Link,enterprise,subtechnique,T1566,can_simulate,initial-access,Identity Provider; Linux; macOS; Office Suite; SaaS; Windows,cloud; cloud-hosted-endpoint; identity; onprem; saas,Application Log Content; Network Connection Creation; Network Traffic Content; Network Traffic Flow; Process Creation,AADInternals,rule_source_available,,1,not_integrated,mapped
T1566.003,Spearphishing via Service,enterprise,subtechnique,T1566,cannot_simulate_yet,initial-access,Linux; macOS; Windows,cloud-hosted-endpoint; onprem,Application Log Content; File Creation; Network Connection Creation; Network Traffic Content; Network Traffic Flow; Process Creation,,guidance_only,,0,not_integrated,mapped
T1566.004,Spearphishing Voice,enterprise,subtechnique,T1566,cannot_simulate_yet,initial-access,Linux; macOS; Windows; Identity Provider,cloud-hosted-endpoint; identity; onprem,Application Log Content,,guidance_only,,0,not_integrated,mapped
T1567,Exfiltration Over Web Service,enterprise,technique,,cannot_simulate_yet,exfiltration,ESXi; Linux; macOS; Office Suite; SaaS; Windows,cloud; cloud-hosted-endpoint; onprem; saas; virtualization,Application Log Content; Command Execution; File Access; File Creation; Network Connection Creation; Network Traffic Content; Network Traffic Flow; Process Creation,ngrok,rule_source_available,Edge Anomaly; Peer-Group Anomaly; Tail Anomaly,0,not_integrated,mapped
T1567.001,Exfiltration to Code Repository,enterprise,subtechnique,T1567,cannot_simulate_yet,exfiltration,ESXi; Linux; macOS; Windows,cloud-hosted-endpoint; onprem; virtualization,Command Execution; File Access; Network Connection Creation; Network Traffic Content; Network Traffic Flow; Process Creation,Empire,rule_source_available,,0,not_integrated,mapped
T1567.002,Exfiltration to Cloud Storage,enterprise,subtechnique,T1567,can_simulate,exfiltration,ESXi; Linux; macOS; Windows,cloud-hosted-endpoint; onprem; virtualization,Command Execution; File Access; Network Connection Creation; Network Traffic Content; Network Traffic Flow; Process Creation,Empire; Rclone,rule_source_available,,2,not_integrated,mapped
T1567.003,Exfiltration to Text Storage Sites,enterprise,subtechnique,T1567,can_simulate,exfiltration,Linux; macOS; Windows; ESXi,cloud-hosted-endpoint; onprem; virtualization,Command Execution; File Access; Network Connection Creation; Network Traffic Content; Network Traffic Flow; Process Creation,,guidance_only,,1,not_integrated,mapped
T1567.004,Exfiltration Over Webhook,enterprise,subtechnique,T1567,can_simulate,exfiltration,ESXi; Linux; macOS; Office Suite; SaaS; Windows,cloud; cloud-hosted-endpoint; onprem; saas; virtualization,Application Log Content; Command Execution; File Access; Network Connection Creation; Network Traffic Content; Network Traffic Flow; Process Creation,,guidance_only,,4,not_integrated,mapped
T1568,Dynamic Resolution,enterprise,technique,,cannot_simulate_yet,command-and-control,ESXi; Linux; macOS; Windows,cloud-hosted-endpoint; onprem; virtualization,Network Connection Creation; Network Traffic Content; Network Traffic Flow; Process Creation,AsyncRAT; Remcos,rule_source_available,,0,not_integrated,mapped
T1568.001,Fast Flux DNS,enterprise,subtechnique,T1568,cannot_simulate_yet,command-and-control,Linux; macOS; Windows; ESXi,cloud-hosted-endpoint; onprem; virtualization,Network Connection Creation; Network Traffic Flow; Process Creation,,guidance_only,,0,not_integrated,mapped
T1568.002,Domain Generation Algorithms,enterprise,subtechnique,T1568,can_simulate,command-and-control,ESXi; Linux; macOS; Windows,cloud-hosted-endpoint; onprem; virtualization,Network Connection Creation; Network Traffic Content; Network Traffic Flow; Process Creation,AsyncRAT; ngrok,rule_source_available,,1,not_integrated,mapped
T1568.003,DNS Calculation,enterprise,subtechnique,T1568,cannot_simulate_yet,command-and-control,ESXi; Linux; macOS; Windows,cloud-hosted-endpoint; onprem; virtualization,Network Connection Creation; Network Traffic Content; Network Traffic Flow; Process Creation,,guidance_only,,0,not_integrated,mapped
T1569,System Services,enterprise,technique,,cannot_simulate_yet,execution,Windows; macOS; Linux,cloud-hosted-endpoint; onprem,File Modification; Process Creation; Service Creation; Windows Registry Key Modification,,rule_source_available,,0,not_integrated,mapped
T1569.001,Launchctl,enterprise,subtechnique,T1569,can_simulate,execution,macOS,onprem,Command Execution; File Modification; Process Creation; Service Creation,,rule_source_available,,1,not_integrated,mapped
T1569.002,Service Execution,enterprise,subtechnique,T1569,can_simulate,execution,Windows,cloud-hosted-endpoint; onprem,Network Connection Creation; Process Creation; Service Creation; Windows Registry Key Modification,Brute Ratel C4; Cobalt Strike; Empire; Impacket; Koadic; Net; PoshC2; PsExec; Pupy; Winexe; xCmd,rule_source_available,,7,not_integrated,mapped
T1569.003,Systemctl,enterprise,subtechnique,T1569,can_simulate,execution,Linux,cloud-hosted-endpoint; onprem,Command Execution; File Modification; Process Creation; Service Creation,,guidance_only,,8,not_integrated,mapped
T1570,Lateral Tool Transfer,enterprise,technique,,can_simulate,lateral-movement,ESXi; Linux; macOS; Windows,cloud-hosted-endpoint; onprem; virtualization,Command Execution; File Creation; File Metadata; Network Share Access; Process Creation,BITSAdmin; cmd; esentutl; Expand; ftp; Impacket; PsExec,rule_source_available,Category-Combination Anomaly; Edge Anomaly; Sequence-Order Anomaly,2,not_integrated,mapped
T1571,Non-Standard Port,enterprise,technique,,can_simulate,command-and-control,ESXi; Linux; macOS; Windows,cloud-hosted-endpoint; onprem; virtualization,Application Log Content; Network Connection Creation; Network Traffic Content; Network Traffic Flow; Process Creation,Covenant; QuasarRAT,rule_source_available,,2,not_integrated,mapped
T1572,Protocol Tunneling,enterprise,technique,,can_simulate,command-and-control,ESXi; Linux; macOS; Windows,cloud-hosted-endpoint; onprem; virtualization,Application Log Content; Network Connection Creation; Network Traffic Content; Network Traffic Flow; Process Creation,Brute Ratel C4; Cobalt Strike; FRP; Mythic; ngrok,rule_source_available,,9,not_integrated,mapped
T1573,Encrypted Channel,enterprise,technique,,can_simulate,command-and-control,ESXi; Linux; macOS; Network Devices; Windows,cloud-hosted-endpoint; network-infrastructure; onprem; virtualization,Application Log Content; Module Load; Network Connection Creation; Network Traffic Content; Network Traffic Flow; Process Creation,,rule_source_available,Multivariate Combination Anomaly; Novel-Category Anomaly; Peer-Group Anomaly,1,not_integrated,mapped
T1573.001,Symmetric Cryptography,enterprise,subtechnique,T1573,cannot_simulate_yet,command-and-control,ESXi; Linux; macOS; Network Devices; Windows,cloud-hosted-endpoint; network-infrastructure; onprem; virtualization,Application Log Content; Module Load; Network Connection Creation; Network Traffic Content; Network Traffic Flow; Process Creation,Cobalt Strike; FRP; QuasarRAT; Sliver,guidance_only,,0,not_integrated,mapped
T1573.002,Asymmetric Cryptography,enterprise,subtechnique,T1573,cannot_simulate_yet,command-and-control,ESXi; Linux; macOS; Network Devices; Windows,cloud-hosted-endpoint; network-infrastructure; onprem; virtualization,Application Log Content; Module Load; Network Connection Creation; Network Traffic Content; Network Traffic Flow; Process Creation,Cobalt Strike; Covenant; DCRAT; Empire; FRP; Koadic; Mythic; Pupy; Remcos; Sliver; Tor,guidance_only,,0,not_integrated,mapped
T1574,Hijack Execution Flow,enterprise,technique,,cannot_simulate_yet,execution; stealth,Linux; macOS; Windows,cloud-hosted-endpoint; onprem,File Creation; File Modification; Module Load; Process Creation; Service Metadata; Windows Registry Key Modification,,rule_source_available,,0,not_integrated,mapped
T1574.001,DLL,enterprise,subtechnique,T1574,can_simulate,execution; stealth,Windows,cloud-hosted-endpoint; onprem,File Creation; File Metadata; Module Load; Process Creation; Windows Registry Key Modification,Brute Ratel C4; Empire; PowerSploit,rule_source_available,,7,not_integrated,mapped
T1574.004,Dylib Hijacking,enterprise,subtechnique,T1574,cannot_simulate_yet,execution; stealth,macOS,onprem,File Creation; File Modification; Module Load,Empire,guidance_only,,0,not_integrated,mapped
T1574.005,Executable Installer File Permissions Weakness,enterprise,subtechnique,T1574,cannot_simulate_yet,execution; stealth,Windows,cloud-hosted-endpoint; onprem,File Creation; File Metadata; Module Load; Process Creation,,rule_source_available,,0,not_integrated,mapped
T1574.006,Dynamic Linker Hijacking,enterprise,subtechnique,T1574,can_simulate,execution; stealth,Linux; macOS,cloud-hosted-endpoint; onprem,File Creation; File Modification; Module Load; Process Creation; Process Metadata,,rule_source_available,,3,not_integrated,mapped
T1574.007,Path Interception by PATH Environment Variable,enterprise,subtechnique,T1574,cannot_simulate_yet,execution; stealth,Linux; macOS; Windows,cloud-hosted-endpoint; onprem,File Creation; File Modification; Process Creation; Windows Registry Key Modification,Empire; PowerSploit,rule_source_available,,0,not_integrated,mapped
T1574.008,Path Interception by Search Order Hijacking,enterprise,subtechnique,T1574,can_simulate,execution; stealth,Windows,cloud-hosted-endpoint; onprem,File Creation; File Metadata; Process Creation,Empire; PowerSploit,rule_source_available,,1,not_integrated,mapped
T1574.009,Path Interception by Unquoted Path,enterprise,subtechnique,T1574,can_simulate,execution; stealth,Windows,cloud-hosted-endpoint; onprem,File Creation; File Metadata; Process Creation; Windows Registry Key Modification,Empire; PowerSploit,guidance_only,,1,not_integrated,mapped
T1574.010,Services File Permissions Weakness,enterprise,subtechnique,T1574,cannot_simulate_yet,execution; stealth,Windows,cloud-hosted-endpoint; onprem,File Creation; File Metadata; Process Creation; Service Creation,,guidance_only,,0,not_integrated,mapped
T1574.011,Services Registry Permissions Weakness,enterprise,subtechnique,T1574,can_simulate,execution; stealth,Windows,cloud-hosted-endpoint; onprem,Process Creation; Service Modification; Windows Registry Key Modification,,rule_source_available,,2,not_integrated,mapped
T1574.012,COR_PROFILER,enterprise,subtechnique,T1574,can_simulate,execution; stealth,Windows,cloud-hosted-endpoint; onprem,File Creation; Module Load; Process Creation; Windows Registry Key Modification,,rule_source_available,,3,not_integrated,mapped
T1574.013,KernelCallbackTable,enterprise,subtechnique,T1574,cannot_simulate_yet,execution; stealth,Windows,cloud-hosted-endpoint; onprem,OS API Execution; Process Access; Process Creation,,guidance_only,,0,not_integrated,mapped
T1574.014,AppDomainManager,enterprise,subtechnique,T1574,cannot_simulate_yet,execution; stealth,Windows,cloud-hosted-endpoint; onprem,File Creation; Module Load; Process Creation,,guidance_only,,0,not_integrated,mapped
T1578,Modify Cloud Compute Infrastructure,enterprise,technique,,cannot_simulate_yet,defense-impairment,IaaS,cloud,Cloud Service Metadata; Instance Start; Instance Stop; Snapshot Creation; Snapshot Deletion; Snapshot Modification; Volume Creation; Volume Deletion; Volume Modification,,rule_source_available,,0,not_integrated,mapped
T1578.001,Create Snapshot,enterprise,subtechnique,T1578,can_simulate,defense-impairment,IaaS,cloud,Snapshot Creation; Snapshot Metadata,Pacu,guidance_only,,3,not_integrated,mapped
T1578.002,Create Cloud Instance,enterprise,subtechnique,T1578,can_simulate,defense-impairment,IaaS,cloud,Instance Creation; Instance Metadata; Instance Start,,guidance_only,,2,not_integrated,mapped
T1578.003,Delete Cloud Instance,enterprise,subtechnique,T1578,cannot_simulate_yet,defense-impairment,IaaS,cloud,Instance Deletion; Instance Metadata; Instance Stop,,rule_source_available,,0,not_integrated,mapped
T1578.004,Revert Cloud Instance,enterprise,subtechnique,T1578,cannot_simulate_yet,defense-impairment,IaaS,cloud,Instance Modification; Instance Start; Instance Stop,,guidance_only,,0,not_integrated,mapped
T1578.005,Modify Cloud Compute Configurations,enterprise,subtechnique,T1578,cannot_simulate_yet,defense-impairment,IaaS,cloud,Cloud Service Modification,,guidance_only,,0,not_integrated,mapped
T1580,Cloud Infrastructure Discovery,enterprise,technique,,can_simulate,discovery,IaaS,cloud,Cloud Storage Enumeration; Instance Enumeration; Instance Metadata,Pacu; TruffleHog,rule_source_available,Burst Anomaly; Categorical-Distribution Anomaly; Peer-Group Anomaly,2,not_integrated,mapped
T1583,Acquire Infrastructure,enterprise,technique,,cannot_simulate_yet,resource-development,PRE,external-services,Active DNS; Domain Registration; Passive DNS; Response Content; Response Metadata,,guidance_only,,0,not_integrated,mapped
T1583.001,Domains,enterprise,subtechnique,T1583,cannot_simulate_yet,resource-development,PRE,external-services,Active DNS; Domain Registration; Passive DNS,,guidance_only,,0,not_integrated,mapped
T1583.002,DNS Server,enterprise,subtechnique,T1583,cannot_simulate_yet,resource-development,PRE,external-services,Proposed: External intelligence (context only); Proposed: Provider-side audit (if lawfully available),,guidance_only,,0,not_integrated,source_mapping_gap
T1583.003,Virtual Private Server,enterprise,subtechnique,T1583,cannot_simulate_yet,resource-development,PRE,external-services,Response Content; Response Metadata,,guidance_only,,0,not_integrated,mapped
T1583.004,Server,enterprise,subtechnique,T1583,cannot_simulate_yet,resource-development,PRE,external-services,Response Content; Response Metadata,,guidance_only,,0,not_integrated,mapped
T1583.005,Botnet,enterprise,subtechnique,T1583,cannot_simulate_yet,resource-development,PRE,external-services,Proposed: External intelligence (context only); Proposed: Provider-side audit (if lawfully available),,guidance_only,,0,not_integrated,source_mapping_gap
T1583.006,Web Services,enterprise,subtechnique,T1583,cannot_simulate_yet,resource-development,PRE,external-services,Response Content,,guidance_only,,0,not_integrated,mapped
T1583.007,Serverless,enterprise,subtechnique,T1583,cannot_simulate_yet,resource-development,PRE,external-services,Response Content,,guidance_only,,0,not_integrated,mapped
T1583.008,Malvertising,enterprise,subtechnique,T1583,cannot_simulate_yet,resource-development,PRE,external-services,Response Content,,guidance_only,,0,not_integrated,mapped
T1584,Compromise Infrastructure,enterprise,technique,,cannot_simulate_yet,resource-development,PRE,external-services,Active DNS; Domain Registration; Passive DNS; Response Content; Response Metadata,,rule_source_available,,0,not_integrated,mapped
T1584.001,Domains,enterprise,subtechnique,T1584,cannot_simulate_yet,resource-development,PRE,external-services,Active DNS; Domain Registration; Passive DNS,,guidance_only,,0,not_integrated,mapped
T1584.002,DNS Server,enterprise,subtechnique,T1584,cannot_simulate_yet,resource-development,PRE,external-services,Active DNS; Passive DNS,,guidance_only,,0,not_integrated,mapped
T1584.003,Virtual Private Server,enterprise,subtechnique,T1584,cannot_simulate_yet,resource-development,PRE,external-services,Response Content; Response Metadata,,guidance_only,,0,not_integrated,mapped
T1584.004,Server,enterprise,subtechnique,T1584,cannot_simulate_yet,resource-development,PRE,external-services,Response Content; Response Metadata,,guidance_only,,0,not_integrated,mapped
T1584.005,Botnet,enterprise,subtechnique,T1584,cannot_simulate_yet,resource-development,PRE,external-services,Proposed: External intelligence (context only); Proposed: Provider-side audit (if lawfully available),,guidance_only,,0,not_integrated,source_mapping_gap
T1584.006,Web Services,enterprise,subtechnique,T1584,cannot_simulate_yet,resource-development,PRE,external-services,Response Content,,guidance_only,,0,not_integrated,mapped
T1584.007,Serverless,enterprise,subtechnique,T1584,cannot_simulate_yet,resource-development,PRE,external-services,Response Content,,guidance_only,,0,not_integrated,mapped
T1584.008,Network Devices,enterprise,subtechnique,T1584,cannot_simulate_yet,resource-development,PRE,external-services,Response Content,,guidance_only,,0,not_integrated,mapped
T1585,Establish Accounts,enterprise,technique,,cannot_simulate_yet,resource-development,PRE,external-services,Network Traffic Content; Social Media,,guidance_only,,0,not_integrated,mapped
T1585.001,Social Media Accounts,enterprise,subtechnique,T1585,cannot_simulate_yet,resource-development,PRE,external-services,Network Traffic Content; Social Media,,guidance_only,,0,not_integrated,mapped
T1585.002,Email Accounts,enterprise,subtechnique,T1585,cannot_simulate_yet,resource-development,PRE,external-services,Proposed: External intelligence (context only); Proposed: Provider-side audit (if lawfully available),,guidance_only,,0,not_integrated,source_mapping_gap
T1585.003,Cloud Accounts,enterprise,subtechnique,T1585,cannot_simulate_yet,resource-development,PRE,external-services,Proposed: External intelligence (context only); Proposed: Provider-side audit (if lawfully available),,guidance_only,,0,not_integrated,source_mapping_gap
T1586,Compromise Accounts,enterprise,technique,,cannot_simulate_yet,resource-development,PRE,external-services,Network Traffic Content; Social Media,,rule_source_available,,0,not_integrated,mapped
T1586.001,Social Media Accounts,enterprise,subtechnique,T1586,cannot_simulate_yet,resource-development,PRE,external-services,Network Traffic Content; Social Media,,guidance_only,,0,not_integrated,mapped
T1586.002,Email Accounts,enterprise,subtechnique,T1586,cannot_simulate_yet,resource-development,PRE,external-services,Proposed: External intelligence (context only); Proposed: Provider-side audit (if lawfully available),,guidance_only,,0,not_integrated,source_mapping_gap
T1586.003,Cloud Accounts,enterprise,subtechnique,T1586,cannot_simulate_yet,resource-development,PRE,external-services,Proposed: External intelligence (context only); Proposed: Provider-side audit (if lawfully available),,rule_source_available,,0,not_integrated,source_mapping_gap
T1587,Develop Capabilities,enterprise,technique,,cannot_simulate_yet,resource-development,PRE,external-services,Malware Content; Malware Metadata; Response Content,,rule_source_available,,0,not_integrated,mapped
T1587.001,Malware,enterprise,subtechnique,T1587,cannot_simulate_yet,resource-development,PRE,external-services,Malware Content; Malware Metadata,,rule_source_available,,0,not_integrated,mapped
T1587.002,Code Signing Certificates,enterprise,subtechnique,T1587,cannot_simulate_yet,resource-development,PRE,external-services,Malware Metadata,,guidance_only,,0,not_integrated,mapped
T1587.003,Digital Certificates,enterprise,subtechnique,T1587,cannot_simulate_yet,resource-development,PRE,external-services,Response Content,,guidance_only,,0,not_integrated,mapped
T1587.004,Exploits,enterprise,subtechnique,T1587,cannot_simulate_yet,resource-development,PRE,external-services,Proposed: External intelligence (context only); Proposed: Provider-side audit (if lawfully available),,guidance_only,,0,not_integrated,source_mapping_gap
T1588,Obtain Capabilities,enterprise,technique,,cannot_simulate_yet,resource-development,PRE,external-services,Certificate Registration; Malware Content; Malware Metadata; Response Content,,rule_source_available,,0,not_integrated,mapped
T1588.001,Malware,enterprise,subtechnique,T1588,cannot_simulate_yet,resource-development,PRE,external-services,Malware Content; Malware Metadata,,rule_source_available,,0,not_integrated,mapped
T1588.002,Tool,enterprise,subtechnique,T1588,cannot_simulate_yet,resource-development,PRE,external-services,Malware Metadata,,rule_source_available,,0,not_integrated,mapped
T1588.003,Code Signing Certificates,enterprise,subtechnique,T1588,cannot_simulate_yet,resource-development,PRE,external-services,Malware Metadata,,guidance_only,,0,not_integrated,mapped
T1588.004,Digital Certificates,enterprise,subtechnique,T1588,cannot_simulate_yet,resource-development,PRE,external-services,Certificate Registration; Response Content,,guidance_only,,0,not_integrated,mapped
T1588.005,Exploits,enterprise,subtechnique,T1588,cannot_simulate_yet,resource-development,PRE,external-services,Proposed: External intelligence (context only); Proposed: Provider-side audit (if lawfully available),,guidance_only,,0,not_integrated,source_mapping_gap
T1588.006,Vulnerabilities,enterprise,subtechnique,T1588,cannot_simulate_yet,resource-development,PRE,external-services,Proposed: External intelligence (context only); Proposed: Provider-side audit (if lawfully available),,guidance_only,,0,not_integrated,source_mapping_gap
T1588.007,Artificial Intelligence,enterprise,subtechnique,T1588,cannot_simulate_yet,resource-development,PRE,external-services,Proposed: External intelligence (context only); Proposed: Provider-side audit (if lawfully available),,guidance_only,,0,not_integrated,source_mapping_gap
T1589,Gather Victim Identity Information,enterprise,technique,,cannot_simulate_yet,reconnaissance,PRE,external-services,Network Traffic Content,,rule_source_available,,0,not_integrated,mapped
T1589.001,Credentials,enterprise,subtechnique,T1589,cannot_simulate_yet,reconnaissance,PRE,external-services,Proposed: External intelligence (context only); Proposed: Provider-side audit (if lawfully available),,guidance_only,,0,not_integrated,source_mapping_gap
T1589.002,Email Addresses,enterprise,subtechnique,T1589,cannot_simulate_yet,reconnaissance,PRE,external-services,Network Traffic Content,AADInternals,rule_source_available,,0,not_integrated,mapped
T1589.003,Employee Names,enterprise,subtechnique,T1589,cannot_simulate_yet,reconnaissance,PRE,external-services,Proposed: External intelligence (context only); Proposed: Provider-side audit (if lawfully available),,guidance_only,,0,not_integrated,source_mapping_gap
T1590,Gather Victim Network Information,enterprise,technique,,cannot_simulate_yet,reconnaissance,PRE,external-services,Proposed: External intelligence (context only); Proposed: Provider-side audit (if lawfully available),,rule_source_available,Distribution-Shift Anomaly; Rare-Category Anomaly; Volume Anomaly,0,not_integrated,source_mapping_gap
T1590.001,Domain Properties,enterprise,subtechnique,T1590,cannot_simulate_yet,reconnaissance,PRE,external-services,Proposed: External intelligence (context only); Proposed: Provider-side audit (if lawfully available),AADInternals,rule_source_available,,0,not_integrated,source_mapping_gap
T1590.002,DNS,enterprise,subtechnique,T1590,cannot_simulate_yet,reconnaissance,PRE,external-services,Proposed: External intelligence (context only); Proposed: Provider-side audit (if lawfully available),,rule_source_available,,0,not_integrated,source_mapping_gap
T1590.003,Network Trust Dependencies,enterprise,subtechnique,T1590,cannot_simulate_yet,reconnaissance,PRE,external-services,Proposed: External intelligence (context only); Proposed: Provider-side audit (if lawfully available),,guidance_only,,0,not_integrated,source_mapping_gap
T1590.004,Network Topology,enterprise,subtechnique,T1590,cannot_simulate_yet,reconnaissance,PRE,external-services,Proposed: External intelligence (context only); Proposed: Provider-side audit (if lawfully available),,guidance_only,,0,not_integrated,source_mapping_gap
T1590.005,IP Addresses,enterprise,subtechnique,T1590,cannot_simulate_yet,reconnaissance,PRE,external-services,Proposed: External intelligence (context only); Proposed: Provider-side audit (if lawfully available),,guidance_only,,0,not_integrated,source_mapping_gap
T1590.006,Network Security Appliances,enterprise,subtechnique,T1590,cannot_simulate_yet,reconnaissance,PRE,external-services,Proposed: External intelligence (context only); Proposed: Provider-side audit (if lawfully available),,guidance_only,,0,not_integrated,source_mapping_gap
T1591,Gather Victim Org Information,enterprise,technique,,cannot_simulate_yet,reconnaissance,PRE,external-services,Proposed: External intelligence (context only); Proposed: Provider-side audit (if lawfully available),,guidance_only,,0,not_integrated,source_mapping_gap
T1591.001,Determine Physical Locations,enterprise,subtechnique,T1591,cannot_simulate_yet,reconnaissance,PRE,external-services,Proposed: External intelligence (context only); Proposed: Provider-side audit (if lawfully available),,guidance_only,,0,not_integrated,source_mapping_gap
T1591.002,Business Relationships,enterprise,subtechnique,T1591,cannot_simulate_yet,reconnaissance,PRE,external-services,Proposed: External intelligence (context only); Proposed: Provider-side audit (if lawfully available),,guidance_only,,0,not_integrated,source_mapping_gap
T1591.003,Identify Business Tempo,enterprise,subtechnique,T1591,cannot_simulate_yet,reconnaissance,PRE,external-services,Proposed: External intelligence (context only); Proposed: Provider-side audit (if lawfully available),,guidance_only,,0,not_integrated,source_mapping_gap
T1591.004,Identify Roles,enterprise,subtechnique,T1591,cannot_simulate_yet,reconnaissance,PRE,external-services,Proposed: External intelligence (context only); Proposed: Provider-side audit (if lawfully available),,rule_source_available,,0,not_integrated,source_mapping_gap
T1592,Gather Victim Host Information,enterprise,technique,,cannot_simulate_yet,reconnaissance,PRE,external-services,Response Content,,guidance_only,,0,not_integrated,mapped
T1592.001,Hardware,enterprise,subtechnique,T1592,cannot_simulate_yet,reconnaissance,PRE,external-services,Response Content,,guidance_only,,0,not_integrated,mapped
T1592.002,Software,enterprise,subtechnique,T1592,cannot_simulate_yet,reconnaissance,PRE,external-services,Response Content,,guidance_only,,0,not_integrated,mapped
T1592.003,Firmware,enterprise,subtechnique,T1592,cannot_simulate_yet,reconnaissance,PRE,external-services,Proposed: External intelligence (context only); Proposed: Provider-side audit (if lawfully available),,guidance_only,,0,not_integrated,source_mapping_gap
T1592.004,Client Configurations,enterprise,subtechnique,T1592,cannot_simulate_yet,reconnaissance,PRE,external-services,Response Content,,rule_source_available,,0,not_integrated,mapped
T1593,Search Open Websites/Domains,enterprise,technique,,cannot_simulate_yet,reconnaissance,PRE,external-services,Proposed: External intelligence (context only); Proposed: Provider-side audit (if lawfully available),,guidance_only,,0,not_integrated,source_mapping_gap
T1593.001,Social Media,enterprise,subtechnique,T1593,cannot_simulate_yet,reconnaissance,PRE,external-services,Proposed: External intelligence (context only); Proposed: Provider-side audit (if lawfully available),,guidance_only,,0,not_integrated,source_mapping_gap
T1593.002,Search Engines,enterprise,subtechnique,T1593,cannot_simulate_yet,reconnaissance,PRE,external-services,Proposed: External intelligence (context only); Proposed: Provider-side audit (if lawfully available),,guidance_only,,0,not_integrated,source_mapping_gap
T1593.003,Code Repositories,enterprise,subtechnique,T1593,cannot_simulate_yet,reconnaissance,PRE,external-services,Proposed: External intelligence (context only); Proposed: Provider-side audit (if lawfully available),,rule_source_available,,0,not_integrated,source_mapping_gap
T1594,Search Victim-Owned Websites,enterprise,technique,,cannot_simulate_yet,reconnaissance,PRE,external-services,Application Log Content,,guidance_only,,0,not_integrated,mapped
T1595,Active Scanning,enterprise,technique,,cannot_simulate_yet,reconnaissance,PRE,external-services,Network Traffic Content; Network Traffic Flow,,rule_source_available,Burst Anomaly; Fan-Out Anomaly; Rate Anomaly,0,not_integrated,mapped
T1595.001,Scanning IP Blocks,enterprise,subtechnique,T1595,cannot_simulate_yet,reconnaissance,PRE,external-services,Network Traffic Content; Network Traffic Flow,,guidance_only,,0,not_integrated,mapped
T1595.002,Vulnerability Scanning,enterprise,subtechnique,T1595,cannot_simulate_yet,reconnaissance,PRE,external-services,Network Traffic Content; Network Traffic Flow,Burp Suite; Nikto; ZAP,rule_source_available,,0,not_integrated,mapped
T1595.003,Wordlist Scanning,enterprise,subtechnique,T1595,cannot_simulate_yet,reconnaissance,PRE,external-services,Network Traffic Content,DirBuster,guidance_only,Categorical-Distribution Anomaly; Count Anomaly; Ratio or Proportion Anomaly,0,not_integrated,mapped
T1596,Search Open Technical Databases,enterprise,technique,,cannot_simulate_yet,reconnaissance,PRE,external-services,Proposed: External intelligence (context only); Proposed: Provider-side audit (if lawfully available),,guidance_only,,0,not_integrated,source_mapping_gap
T1596.001,DNS/Passive DNS,enterprise,subtechnique,T1596,cannot_simulate_yet,reconnaissance,PRE,external-services,Proposed: External intelligence (context only); Proposed: Provider-side audit (if lawfully available),Amass; SpiderFoot,guidance_only,,0,not_integrated,source_mapping_gap
T1596.002,WHOIS,enterprise,subtechnique,T1596,cannot_simulate_yet,reconnaissance,PRE,external-services,Proposed: External intelligence (context only); Proposed: Provider-side audit (if lawfully available),,guidance_only,,0,not_integrated,source_mapping_gap
T1596.003,Digital Certificates,enterprise,subtechnique,T1596,cannot_simulate_yet,reconnaissance,PRE,external-services,Proposed: External intelligence (context only); Proposed: Provider-side audit (if lawfully available),,guidance_only,,0,not_integrated,source_mapping_gap
T1596.004,CDNs,enterprise,subtechnique,T1596,cannot_simulate_yet,reconnaissance,PRE,external-services,Proposed: External intelligence (context only); Proposed: Provider-side audit (if lawfully available),,guidance_only,,0,not_integrated,source_mapping_gap
T1596.005,Scan Databases,enterprise,subtechnique,T1596,cannot_simulate_yet,reconnaissance,PRE,external-services,Proposed: External intelligence (context only); Proposed: Provider-side audit (if lawfully available),Shodan,guidance_only,,0,not_integrated,source_mapping_gap
T1597,Search Closed Sources,enterprise,technique,,cannot_simulate_yet,reconnaissance,PRE,external-services,Proposed: External intelligence (context only); Proposed: Provider-side audit (if lawfully available),,guidance_only,,0,not_integrated,source_mapping_gap
T1597.001,Threat Intel Vendors,enterprise,subtechnique,T1597,cannot_simulate_yet,reconnaissance,PRE,external-services,Proposed: External intelligence (context only); Proposed: Provider-side audit (if lawfully available),,guidance_only,,0,not_integrated,source_mapping_gap
T1597.002,Purchase Technical Data,enterprise,subtechnique,T1597,cannot_simulate_yet,reconnaissance,PRE,external-services,Proposed: External intelligence (context only); Proposed: Provider-side audit (if lawfully available),,guidance_only,,0,not_integrated,source_mapping_gap
T1598,Phishing for Information,enterprise,technique,,cannot_simulate_yet,reconnaissance,PRE,external-services,Application Log Content; Network Traffic Content; Network Traffic Flow,,guidance_only,,0,not_integrated,mapped
T1598.001,Spearphishing Service,enterprise,subtechnique,T1598,cannot_simulate_yet,reconnaissance,PRE,external-services,Application Log Content; Network Traffic Content; Network Traffic Flow,,guidance_only,,0,not_integrated,mapped
T1598.002,Spearphishing Attachment,enterprise,subtechnique,T1598,cannot_simulate_yet,reconnaissance,PRE,external-services,Application Log Content; Network Traffic Content; Network Traffic Flow,,guidance_only,,0,not_integrated,mapped
T1598.003,Spearphishing Link,enterprise,subtechnique,T1598,cannot_simulate_yet,reconnaissance,PRE,external-services,Application Log Content; Network Traffic Content; Network Traffic Flow,AADInternals; evilginx2,guidance_only,,0,not_integrated,mapped
T1598.004,Spearphishing Voice,enterprise,subtechnique,T1598,cannot_simulate_yet,reconnaissance,PRE,external-services,Application Log Content,,guidance_only,,0,not_integrated,mapped
T1599,Network Boundary Bridging,enterprise,technique,,cannot_simulate_yet,defense-impairment,Network Devices,network-infrastructure,Network Traffic Content; Network Traffic Flow,,guidance_only,,0,not_integrated,mapped
T1599.001,Network Address Translation Traversal,enterprise,subtechnique,T1599,cannot_simulate_yet,defense-impairment,Network Devices,network-infrastructure,Network Traffic Content; Network Traffic Flow,,rule_source_available,,0,not_integrated,mapped
T1600,Weaken Encryption,enterprise,technique,,cannot_simulate_yet,defense-impairment,Network Devices,network-infrastructure,File Modification; Module Load; Network Traffic Content,,guidance_only,,0,not_integrated,mapped
T1600.001,Reduce Key Space,enterprise,subtechnique,T1600,cannot_simulate_yet,defense-impairment,Network Devices,network-infrastructure,Command Execution; File Modification; Network Traffic Content,,guidance_only,,0,not_integrated,mapped
T1600.002,Disable Crypto Hardware,enterprise,subtechnique,T1600,cannot_simulate_yet,defense-impairment,Network Devices,network-infrastructure,Command Execution; File Modification; Network Traffic Content,,guidance_only,,0,not_integrated,mapped
T1601,Modify System Image,enterprise,technique,,cannot_simulate_yet,defense-impairment,Network Devices,network-infrastructure,Command Execution; File Modification,,guidance_only,,0,not_integrated,mapped
T1601.001,Patch System Image,enterprise,subtechnique,T1601,cannot_simulate_yet,defense-impairment,Network Devices,network-infrastructure,Command Execution; File Modification; Firmware Modification,,guidance_only,,0,not_integrated,mapped
T1601.002,Downgrade System Image,enterprise,subtechnique,T1601,cannot_simulate_yet,defense-impairment,Network Devices,network-infrastructure,Command Execution; File Metadata; File Modification,,guidance_only,,0,not_integrated,mapped
T1602,Data from Configuration Repository,enterprise,technique,,cannot_simulate_yet,collection,Network Devices,network-infrastructure,Network Connection Creation; Network Traffic Content,,guidance_only,,0,not_integrated,mapped
T1602.001,SNMP (MIB Dump),enterprise,subtechnique,T1602,cannot_simulate_yet,collection,Network Devices,network-infrastructure,File Modification; Network Connection Creation; Network Traffic Content,,guidance_only,,0,not_integrated,mapped
T1602.002,Network Device Configuration Dump,enterprise,subtechnique,T1602,cannot_simulate_yet,collection,Network Devices,network-infrastructure,Command Execution; Network Connection Creation; Network Traffic Content; User Account Authentication,,guidance_only,,0,not_integrated,mapped
T1606,Forge Web Credentials,enterprise,technique,,cannot_simulate_yet,credential-access,SaaS; Windows; macOS; Linux; IaaS; Office Suite; Identity Provider,cloud; cloud-hosted-endpoint; identity; onprem; saas,File Access; Logon Session Creation; Network Traffic Content; Process Access; Web Credential Creation; Web Credential Usage,,rule_source_available,,0,not_integrated,mapped
T1606.001,Web Cookies,enterprise,subtechnique,T1606,cannot_simulate_yet,credential-access,Linux; macOS; Windows; SaaS; IaaS,cloud; cloud-hosted-endpoint; onprem; saas,File Access; File Creation; Logon Session Creation; Network Connection Creation; Web Credential Usage,,guidance_only,,0,not_integrated,mapped
T1606.002,SAML Tokens,enterprise,subtechnique,T1606,can_simulate,credential-access,SaaS; Windows; IaaS; Office Suite; Identity Provider,cloud; cloud-hosted-endpoint; identity; onprem; saas,Logon Session Creation; Logon Session Metadata; User Account Authentication; Web Credential Creation; Web Credential Usage,AADInternals,guidance_only,,1,not_integrated,mapped
T1608,Stage Capabilities,enterprise,technique,,cannot_simulate_yet,resource-development,PRE,external-services,Response Content,,rule_source_available,,0,not_integrated,mapped
T1608.001,Upload Malware,enterprise,subtechnique,T1608,cannot_simulate_yet,resource-development,PRE,external-services,Response Content,,guidance_only,,0,not_integrated,mapped
T1608.002,Upload Tool,enterprise,subtechnique,T1608,cannot_simulate_yet,resource-development,PRE,external-services,Response Content,,guidance_only,,0,not_integrated,mapped
T1608.003,Install Digital Certificate,enterprise,subtechnique,T1608,cannot_simulate_yet,resource-development,PRE,external-services,Response Content,,rule_source_available,,0,not_integrated,mapped
T1608.004,Drive-by Target,enterprise,subtechnique,T1608,cannot_simulate_yet,resource-development,PRE,external-services,Response Content,,guidance_only,,0,not_integrated,mapped
T1608.005,Link Target,enterprise,subtechnique,T1608,cannot_simulate_yet,resource-development,PRE,external-services,Response Content,,guidance_only,,0,not_integrated,mapped
T1608.006,SEO Poisoning,enterprise,subtechnique,T1608,cannot_simulate_yet,resource-development,PRE,external-services,Response Content,,guidance_only,,0,not_integrated,mapped
T1609,Container Administration Command,enterprise,technique,,can_simulate,execution,Containers,containers,Command Execution; Process Creation,Peirates,rule_source_available,Edge Anomaly; Peer-Group Anomaly; Rare-Category Anomaly,2,not_integrated,mapped
T1610,Deploy Container,enterprise,technique,,can_simulate,execution,Containers,containers,Application Log Content; Container Start; Network Traffic Content; Process Creation,Peirates,guidance_only,Multivariate Combination Anomaly; Novel-Category Anomaly; Peer-Group Anomaly,1,not_integrated,mapped
T1611,Escape to Host,enterprise,technique,,can_simulate,privilege-escalation,Windows; Linux; Containers; ESXi,cloud-hosted-endpoint; containers; onprem; virtualization,Container Creation; File Creation; Kernel Module Load; OS API Execution; Process Creation; Volume Modification,Peirates,rule_source_available,,3,not_integrated,mapped
T1612,Build Image on Host,enterprise,technique,,can_simulate,stealth,Containers,containers,Image Creation; Network Connection Creation,,guidance_only,,1,not_integrated,mapped
T1613,Container and Resource Discovery,enterprise,technique,,can_simulate,discovery,Containers,containers,Container Enumeration; Pod Enumeration,Peirates,rule_source_available,,2,not_integrated,mapped
T1614,System Location Discovery,enterprise,technique,,can_simulate,discovery,IaaS; Linux; macOS; Windows,cloud; cloud-hosted-endpoint; onprem,Command Execution; Network Traffic Content; OS API Execution; Process Creation,QuasarRAT; Remcos,guidance_only,,2,not_integrated,mapped
T1614.001,System Language Discovery,enterprise,subtechnique,T1614,can_simulate,discovery,Linux; macOS; Windows,cloud-hosted-endpoint; onprem,Command Execution; OS API Execution; Process Creation; Windows Registry Key Access,,rule_source_available,,10,not_integrated,mapped
T1615,Group Policy Discovery,enterprise,technique,,can_simulate,discovery,Windows,cloud-hosted-endpoint; onprem,Active Directory Object Access; Command Execution; Network Traffic Content; Process Creation,BloodHound; Empire,rule_source_available,,5,not_integrated,mapped
T1619,Cloud Storage Object Discovery,enterprise,technique,,can_simulate,discovery,IaaS,cloud,Cloud Storage Access; Cloud Storage Enumeration,Pacu; Peirates; TruffleHog,rule_source_available,,4,not_integrated,mapped
T1620,Reflective Code Loading,enterprise,technique,,can_simulate,stealth,Linux; macOS; Windows,cloud-hosted-endpoint; onprem,Module Load; OS API Execution; Process Access; Process Creation; Script Execution,Brute Ratel C4; Cobalt Strike; Donut; PowerSploit; SILENTTRINITY,rule_source_available,,3,not_integrated,mapped
T1621,Multi-Factor Authentication Request Generation,enterprise,technique,,cannot_simulate_yet,credential-access,Windows; Linux; macOS; IaaS; SaaS; Office Suite; Identity Provider,cloud; cloud-hosted-endpoint; identity; onprem; saas,Application Log Content; Logon Session Metadata; User Account Authentication,,rule_source_available,Burst Anomaly; Inter-Arrival-Time Anomaly; Ratio or Proportion Anomaly,0,not_integrated,mapped
T1622,Debugger Evasion,enterprise,technique,,can_simulate,discovery; stealth,Linux; macOS; Windows,cloud-hosted-endpoint; onprem,File Access; OS API Execution; Process Creation,AsyncRAT,rule_source_available,,1,not_integrated,mapped
T1647,Plist File Modification,enterprise,technique,,can_simulate,defense-impairment,macOS,onprem,Command Execution; File Modification; Process Creation,,guidance_only,,1,not_integrated,mapped
T1648,Serverless Execution,enterprise,technique,,can_simulate,execution,SaaS; IaaS; Office Suite,cloud; onprem; saas,Application Log Content; Cloud Service Modification,Pacu,guidance_only,Burst Anomaly; Edge Anomaly; Temporal-Context Anomaly,1,not_integrated,mapped
T1649,Steal or Forge Authentication Certificates,enterprise,technique,,can_simulate,credential-access,Windows; Linux; macOS; Identity Provider,cloud-hosted-endpoint; identity; onprem,Active Directory Credential Request; Active Directory Object Modification; Application Log Content; Command Execution; File Access; Windows Registry Key Access,AADInternals; Mimikatz,rule_source_available,,1,not_integrated,mapped
T1650,Acquire Access,enterprise,technique,,cannot_simulate_yet,resource-development,PRE,external-services,Proposed: External intelligence (context only); Proposed: Provider-side audit (if lawfully available),,guidance_only,,0,not_integrated,source_mapping_gap
T1651,Cloud Administration Command,enterprise,technique,,can_simulate,execution,IaaS,cloud,Command Execution; Process Creation; Script Execution,AADInternals; Pacu,guidance_only,,1,not_integrated,mapped
T1652,Device Driver Discovery,enterprise,technique,,can_simulate,discovery,Linux; macOS; Windows,cloud-hosted-endpoint; onprem,Command Execution; File Access; Process Creation; Windows Registry Key Modification,,guidance_only,,5,not_integrated,mapped
T1653,Power Settings,enterprise,technique,,cannot_simulate_yet,persistence,Windows; Linux; macOS; Network Devices,cloud-hosted-endpoint; network-infrastructure; onprem,Command Execution; File Modification; Process Creation,,rule_source_available,,0,not_integrated,mapped
T1654,Log Enumeration,enterprise,technique,,can_simulate,discovery,ESXi; IaaS; Linux; macOS; Windows,cloud; cloud-hosted-endpoint; onprem; virtualization,Command Execution; File Access; Process Creation,Pacu,guidance_only,,2,not_integrated,mapped
T1657,Financial Theft,enterprise,technique,,cannot_simulate_yet,impact,Linux; macOS; Office Suite; SaaS; Windows,cloud; cloud-hosted-endpoint; onprem; saas,Application Log Content; Command Execution; File Modification; Logon Session Creation; Process Creation,,guidance_only,,0,not_integrated,mapped
T1659,Content Injection,enterprise,technique,,can_simulate,command-and-control; initial-access,Linux; macOS; Windows,cloud-hosted-endpoint; onprem,Command Execution; File Creation; Network Traffic Content; Process Creation,,guidance_only,,2,not_integrated,mapped
T1665,Hide Infrastructure,enterprise,technique,,cannot_simulate_yet,command-and-control,ESXi; Linux; macOS; Network Devices; Windows,cloud-hosted-endpoint; network-infrastructure; onprem; virtualization,Domain Registration; Network Connection Creation; Network Traffic Content; Process Creation; Response Content; Response Metadata,,guidance_only,,0,not_integrated,mapped
T1666,Modify Cloud Resource Hierarchy,enterprise,technique,,cannot_simulate_yet,defense-impairment,IaaS,cloud,Cloud Service Modification,,guidance_only,,0,not_integrated,mapped
T1667,Email Bombing,enterprise,technique,,cannot_simulate_yet,impact,Linux; Office Suite; Windows; macOS,cloud-hosted-endpoint; onprem,Application Log Content; File Creation,,guidance_only,,0,not_integrated,mapped
T1668,Exclusive Control,enterprise,technique,,cannot_simulate_yet,persistence,Linux; macOS; Windows,cloud-hosted-endpoint; onprem,Command Execution; Process Creation; Process Termination,,guidance_only,,0,not_integrated,mapped
T1669,Wi-Fi Networks,enterprise,technique,,cannot_simulate_yet,initial-access,Linux; Network Devices; Windows; macOS,cloud-hosted-endpoint; network-infrastructure; onprem,Firewall Rule Modification; Network Connection Creation; Network Traffic Content; Network Traffic Flow; User Account Authentication,,guidance_only,,0,not_integrated,mapped
T1671,Cloud Application Integration,enterprise,technique,,cannot_simulate_yet,persistence,Office Suite; SaaS,cloud; onprem; saas,Active Directory Object Modification; Application Log Content; Cloud Service Modification,,guidance_only,,0,not_integrated,mapped
T1673,Virtual Machine Discovery,enterprise,technique,,cannot_simulate_yet,discovery,ESXi; Linux; macOS; Windows,cloud-hosted-endpoint; onprem; virtualization,Command Execution; Process Creation,,guidance_only,,0,not_integrated,mapped
T1674,Input Injection,enterprise,technique,,cannot_simulate_yet,execution,Windows; macOS; Linux,cloud-hosted-endpoint; onprem,Command Execution; Drive Creation; Process Creation; Script Execution,,guidance_only,,0,not_integrated,mapped
T1675,ESXi Administration Command,enterprise,technique,,cannot_simulate_yet,execution,ESXi,onprem; virtualization,Application Log Content,,guidance_only,,0,not_integrated,mapped
T1677,Poisoned Pipeline Execution,enterprise,technique,,cannot_simulate_yet,execution,SaaS,cloud; saas,Cloud Service Metadata; Cloud Service Modification; Cloud Storage Access; Command Execution; File Metadata,,guidance_only,,0,not_integrated,mapped
T1678,Delay Execution,enterprise,technique,,cannot_simulate_yet,stealth,Linux; macOS; Windows,cloud-hosted-endpoint; onprem,Module Load; Process Creation; Script Execution,,guidance_only,,0,not_integrated,mapped
T1679,Selective Exclusion,enterprise,technique,,cannot_simulate_yet,stealth,Windows,cloud-hosted-endpoint; onprem,Command Execution; File Modification; Process Creation,,guidance_only,,0,not_integrated,mapped
T1680,Local Storage Discovery,enterprise,technique,,can_simulate,discovery,ESXi; IaaS; Linux; macOS; Windows,cloud; cloud-hosted-endpoint; onprem; virtualization,Command Execution; Process Creation; User Account Authentication,AsyncRAT; CrackMapExec; SILENTTRINITY,guidance_only,,2,not_integrated,mapped
T1681,Search Threat Vendor Data,enterprise,technique,,cannot_simulate_yet,reconnaissance,PRE,external-services,Proposed: External intelligence (context only); Proposed: Provider-side audit (if lawfully available),,guidance_only,,0,not_integrated,source_mapping_gap
T1682,Query Public AI Services,enterprise,technique,,cannot_simulate_yet,reconnaissance,PRE,external-services,Proposed: External intelligence (context only); Proposed: Provider-side audit (if lawfully available),,guidance_only,,0,not_integrated,source_mapping_gap
T1683,Generate Content,enterprise,technique,,cannot_simulate_yet,resource-development,PRE,external-services,Proposed: External intelligence (context only); Proposed: Provider-side audit (if lawfully available),,guidance_only,,0,not_integrated,source_mapping_gap
T1683.001,Written Content,enterprise,subtechnique,T1683,cannot_simulate_yet,resource-development,PRE,external-services,Proposed: External intelligence (context only); Proposed: Provider-side audit (if lawfully available),,guidance_only,,0,not_integrated,source_mapping_gap
T1683.002,Audio-Visual Content,enterprise,subtechnique,T1683,cannot_simulate_yet,resource-development,PRE,external-services,Proposed: External intelligence (context only); Proposed: Provider-side audit (if lawfully available),,guidance_only,,0,not_integrated,source_mapping_gap
T1684,Social Engineering,enterprise,technique,,cannot_simulate_yet,stealth,Linux; macOS; Office Suite; SaaS; Windows,cloud; cloud-hosted-endpoint; onprem; saas,Application Log Content; Command Execution; File Access; File Creation; File Modification; Logon Session Creation; Network Connection Creation; Process Creation; User Account Authentication,,guidance_only,,0,not_integrated,mapped
T1684.001,Impersonation,enterprise,subtechnique,T1684,cannot_simulate_yet,stealth,Linux; macOS; Office Suite; SaaS; Windows,cloud; cloud-hosted-endpoint; onprem; saas,Application Log Content; Command Execution; Logon Session Creation,NPPSPY,guidance_only,,0,not_integrated,mapped
T1684.002,Email Spoofing,enterprise,subtechnique,T1684,cannot_simulate_yet,stealth,Linux; macOS; Office Suite; Windows,cloud-hosted-endpoint; onprem,Application Log Content,,guidance_only,,0,not_integrated,mapped
T1685,Disable or Modify Tools,enterprise,technique,,can_simulate,defense-impairment,Containers; ESXi; IaaS; Linux; macOS; Network Devices; Windows,cloud; cloud-hosted-endpoint; containers; network-infrastructure; onprem; virtualization,Cloud Service Modification; Command Execution; Host Status; Process Creation; Process Termination; Service Creation; Service Metadata; Service Modification; Windows Registry Key Modification,Brute Ratel C4; Cobalt Strike; DCRAT; Donut; Imminent Monitor; SILENTTRINITY,rule_source_available,,77,not_integrated,mapped
T1685.001,Disable or Modify Windows Event Log,enterprise,subtechnique,T1685,can_simulate,defense-impairment,Windows,cloud-hosted-endpoint; onprem,Application Log Content; Process Creation; Service Metadata; Windows Registry Key Modification,Wevtutil,rule_source_available,,10,not_integrated,mapped
T1685.002,Disable or Modify Cloud Log,enterprise,subtechnique,T1685,can_simulate,defense-impairment,IaaS; SaaS; Identity Provider; Office Suite,cloud; identity; onprem; saas,Cloud Service Disable; Cloud Service Modification; User Account Modification,Pacu,rule_source_available,,9,not_integrated,mapped
T1685.003,Modify or Spoof Tool UI,enterprise,subtechnique,T1685,cannot_simulate_yet,defense-impairment,Linux; macOS; Windows,cloud-hosted-endpoint; onprem,Host Status; Process Creation; Service Creation,,guidance_only,,0,not_integrated,mapped
T1685.004,Disable or Modify Linux Audit System Log,enterprise,subtechnique,T1685,can_simulate,defense-impairment,Linux,cloud-hosted-endpoint; onprem,Command Execution; File Modification; Process Modification; Service Metadata,,rule_source_available,,2,not_integrated,mapped
T1685.005,Clear Windows Event Logs,enterprise,subtechnique,T1685,can_simulate,defense-impairment,Windows,cloud-hosted-endpoint; onprem,Application Log Content; File Deletion; Process Creation,Pupy; Wevtutil,rule_source_available,,4,not_integrated,mapped
T1685.006,Clear Linux or Mac System Logs,enterprise,subtechnique,T1685,can_simulate,defense-impairment,Linux; macOS,cloud-hosted-endpoint; onprem,File Deletion; File Modification; Process Creation,,rule_source_available,,20,not_integrated,mapped
T1686,Disable or Modify System Firewall,enterprise,technique,,can_simulate,defense-impairment,ESXi; Linux; macOS; Network Devices; Windows,cloud-hosted-endpoint; network-infrastructure; onprem; virtualization,Command Execution; Firewall Rule Modification; Process Creation; Windows Registry Key Modification,netsh,rule_source_available,,25,not_integrated,mapped
T1686.001,Cloud Firewall,enterprise,subtechnique,T1686,cannot_simulate_yet,defense-impairment,IaaS,cloud,Firewall Disable; Firewall Rule Modification,Pacu,rule_source_available,,0,not_integrated,mapped
T1686.002,Network Device Firewall,enterprise,subtechnique,T1686,cannot_simulate_yet,defense-impairment,Network Devices,network-infrastructure,Command Execution; Firewall Rule Modification; Logon Session Creation; Network Connection Creation,,guidance_only,,0,not_integrated,mapped
T1686.003,Windows Host Firewall,enterprise,subtechnique,T1686,can_simulate,defense-impairment,Windows,cloud-hosted-endpoint; onprem,Network Connection Creation; Process Creation; Service Creation; Windows Registry Key Creation; Windows Registry Key Modification,,rule_source_available,,2,not_integrated,mapped
T1687,Exploitation for Defense Impairment,enterprise,technique,,cannot_simulate_yet,defense-impairment,IaaS; Linux; macOS; SaaS; Windows,cloud; cloud-hosted-endpoint; onprem; saas,Application Log Content; Cloud Service Disable; Command Execution; Driver Load; Driver Metadata; Firewall Rule Modification; Instance Modification; Network Traffic Content; Process Creation; Process Metadata; Service Metadata,,guidance_only,,0,not_integrated,mapped
T1688,Safe Mode Boot,enterprise,technique,,can_simulate,defense-impairment,Windows,cloud-hosted-endpoint; onprem,Process Creation; Windows Registry Key Creation; Windows Registry Key Modification,,guidance_only,,1,not_integrated,mapped
T1689,Downgrade Attack,enterprise,technique,,can_simulate,defense-impairment,macOS; Windows; Linux,cloud-hosted-endpoint; onprem,Command Execution; Process Creation; Process Metadata; Windows Registry Key Modification,SILENTTRINITY,rule_source_available,,3,not_integrated,mapped
T1690,Prevent Command History Logging,enterprise,technique,,can_simulate,defense-impairment,ESXi; Linux; macOS; Network Devices; Windows,cloud-hosted-endpoint; network-infrastructure; onprem; virtualization,Command Execution; Process Creation,SILENTTRINITY,rule_source_available,,12,not_integrated,mapped
T0800,Activate Firmware Update Mode,ics,technique,,cannot_simulate_yet,inhibit-response-function,None,ics-ot,Application Log Content; Device Alarm; Network Traffic Content,,guidance_only,,0,not_integrated,mapped
T0801,Monitor Process State,ics,technique,,cannot_simulate_yet,collection,None,ics-ot,Application Log Content; Network Traffic Content,,guidance_only,,0,not_integrated,mapped
T0802,Automated Collection,ics,technique,,cannot_simulate_yet,collection,None,ics-ot,Command Execution; File Access; Network Traffic Content; Script Execution,,guidance_only,,0,not_integrated,mapped
T0806,Brute Force I/O,ics,technique,,cannot_simulate_yet,impair-process-control,None,ics-ot,Application Log Content; Network Traffic Content; Process History/Live Data,,guidance_only,,0,not_integrated,mapped
T0807,Command-Line Interface,ics,technique,,cannot_simulate_yet,execution,None,ics-ot,Application Log Content; Command Execution; Process Creation,,guidance_only,,0,not_integrated,mapped
T0809,Data Destruction,ics,technique,,cannot_simulate_yet,inhibit-response-function,None,ics-ot,Command Execution; File Deletion; File Modification; Process Creation,,guidance_only,,0,not_integrated,mapped
T0811,Data from Information Repositories,ics,technique,,cannot_simulate_yet,collection,None,ics-ot,Application Log Content; Logon Session Creation; Network Share Access,,guidance_only,,0,not_integrated,mapped
T0813,Denial of Control,ics,technique,,cannot_simulate_yet,impact,None,ics-ot,Proposed: Control-command acknowledgements; Proposed: Controller communication health,,guidance_only,,0,not_integrated,source_mapping_gap
T0814,Denial of Service,ics,technique,,cannot_simulate_yet,inhibit-response-function,None,ics-ot,Application Log Content; Network Traffic Content; Network Traffic Flow; Process History/Live Data,,guidance_only,,0,not_integrated,mapped
T0815,Denial of View,ics,technique,,cannot_simulate_yet,impact,None,ics-ot,Proposed: HMI communication health; Proposed: Historian data freshness,,guidance_only,,0,not_integrated,source_mapping_gap
T0816,Device Restart/Shutdown,ics,technique,,cannot_simulate_yet,inhibit-response-function,None,ics-ot,Application Log Content; Device Alarm; Network Traffic Content; Network Traffic Flow,,guidance_only,,0,not_integrated,mapped
T0817,Drive-by Compromise,ics,technique,,cannot_simulate_yet,initial-access,None,ics-ot,Application Log Content; File Creation; Network Connection Creation; Network Traffic Content; Process Creation,,guidance_only,,0,not_integrated,mapped
T0819,Exploit Public-Facing Application,ics,technique,,cannot_simulate_yet,initial-access,None,ics-ot,Application Log Content; Network Traffic Content,,guidance_only,,0,not_integrated,mapped
T0820,Exploitation for Evasion,ics,technique,,cannot_simulate_yet,evasion,None,ics-ot,Application Log Content,,guidance_only,,0,not_integrated,mapped
T0821,Modify Controller Tasking,ics,technique,,cannot_simulate_yet,execution,None,ics-ot,Application Log Content; Device Alarm; Software,,guidance_only,,0,not_integrated,mapped
T0822,External Remote Services,ics,technique,,cannot_simulate_yet,initial-access,None,ics-ot,Application Log Content; Logon Session Metadata; Network Traffic Flow,,guidance_only,,0,not_integrated,mapped
T0823,Graphical User Interface,ics,technique,,cannot_simulate_yet,execution,None,ics-ot,Command Execution; Logon Session Creation; Module Load; Process Creation,,guidance_only,,0,not_integrated,mapped
T0826,Loss of Availability,ics,technique,,cannot_simulate_yet,impact,None,ics-ot,Proposed: Asset availability monitoring; Proposed: Production service health,,guidance_only,,0,not_integrated,source_mapping_gap
T0827,Loss of Control,ics,technique,,cannot_simulate_yet,impact,None,ics-ot,Proposed: Control-command acknowledgements; Proposed: Independent physical process measurements,,guidance_only,,0,not_integrated,source_mapping_gap
T0828,Loss of Productivity and Revenue,ics,technique,,cannot_simulate_yet,impact,None,ics-ot,Proposed: Production throughput and downtime; Proposed: Business impact records,,guidance_only,,0,not_integrated,source_mapping_gap
T0829,Loss of View,ics,technique,,cannot_simulate_yet,impact,None,ics-ot,Proposed: HMI communication health; Proposed: Independent physical process measurements,,guidance_only,,0,not_integrated,source_mapping_gap
T0830,Adversary-in-the-Middle,ics,technique,,cannot_simulate_yet,collection,None,ics-ot,Application Log Content; Network Traffic Content; Network Traffic Flow; Process Creation; Service Creation; Windows Registry Key Modification,,guidance_only,,0,not_integrated,mapped
T0831,Manipulation of Control,ics,technique,,cannot_simulate_yet,impact,None,ics-ot,Proposed: Controller setpoint and configuration audit; Proposed: Independent physical process measurements,,guidance_only,,0,not_integrated,source_mapping_gap
T0832,Manipulation of View,ics,technique,,cannot_simulate_yet,impact,None,ics-ot,Proposed: HMI and historian value comparison; Proposed: Independent physical process measurements,,guidance_only,,0,not_integrated,source_mapping_gap
T0834,Native API,ics,technique,,cannot_simulate_yet,execution,None,ics-ot,OS API Execution,,guidance_only,,0,not_integrated,mapped
T0835,Manipulate I/O Image,ics,technique,,cannot_simulate_yet,inhibit-response-function,None,ics-ot,Software,,guidance_only,,0,not_integrated,mapped
T0836,Modify Parameter,ics,technique,,cannot_simulate_yet,impair-process-control,None,ics-ot,Application Log Content; Asset Inventory; Device Alarm; Network Traffic Content,,guidance_only,,0,not_integrated,mapped
T0837,Loss of Protection,ics,technique,,cannot_simulate_yet,impact,None,ics-ot,Proposed: Protection-system diagnostics; Proposed: Independent physical process measurements,,guidance_only,,0,not_integrated,source_mapping_gap
T0838,Modify Alarm Settings,ics,technique,,cannot_simulate_yet,inhibit-response-function,None,ics-ot,Application Log Content; Asset Inventory; Network Traffic Content; Process History/Live Data,,guidance_only,,0,not_integrated,mapped
T0840,Network Connection Enumeration,ics,technique,,cannot_simulate_yet,discovery,None,ics-ot,Command Execution; OS API Execution; Process Creation; Script Execution,,guidance_only,,0,not_integrated,mapped
T0842,Network Sniffing,ics,technique,,cannot_simulate_yet,discovery,None,ics-ot,Command Execution; Process Creation,,guidance_only,,0,not_integrated,mapped
T0843,Program Download,ics,technique,,cannot_simulate_yet,lateral-movement,None,ics-ot,Application Log Content; Asset Inventory; Device Alarm; Network Traffic Content,,guidance_only,,0,not_integrated,mapped
T0843.001,Download All,ics,subtechnique,T0843,cannot_simulate_yet,lateral-movement,,ics-ot,Application Log Content; Asset Inventory; Device Alarm; Network Traffic Content,,guidance_only,,0,not_integrated,mapped
T0843.002,Online Edit,ics,subtechnique,T0843,cannot_simulate_yet,lateral-movement,,ics-ot,Application Log Content; Asset Inventory; Device Alarm; Network Traffic Content,,guidance_only,,0,not_integrated,mapped
T0843.003,Program Append,ics,subtechnique,T0843,cannot_simulate_yet,lateral-movement,,ics-ot,Application Log Content; Asset Inventory; Device Alarm; Network Traffic Content,,guidance_only,,0,not_integrated,mapped
T0845,Program Upload,ics,technique,,cannot_simulate_yet,collection,None,ics-ot,Application Log Content; Network Traffic Content; Network Traffic Flow,,guidance_only,,0,not_integrated,mapped
T0846,Remote System Discovery,ics,technique,,cannot_simulate_yet,discovery,None,ics-ot,File Access; Network Traffic Content; Network Traffic Flow; Process Creation,,guidance_only,,0,not_integrated,mapped
T0846.001,Port Scan,ics,subtechnique,T0846,cannot_simulate_yet,discovery,,ics-ot,Network Connection Creation; Network Traffic Content; Network Traffic Flow; Process Creation,,guidance_only,,0,not_integrated,mapped
T0846.002,Broadcast Discovery,ics,subtechnique,T0846,cannot_simulate_yet,discovery,,ics-ot,Network Traffic Content; Network Traffic Flow,,guidance_only,,0,not_integrated,mapped
T0846.003,Multicast Discovery,ics,subtechnique,T0846,cannot_simulate_yet,discovery,,ics-ot,Network Traffic Content; Network Traffic Flow,,guidance_only,,0,not_integrated,mapped
T0847,Replication Through Removable Media,ics,technique,,cannot_simulate_yet,initial-access,None,ics-ot,Drive Creation; File Access; File Creation; Process Creation,,guidance_only,,0,not_integrated,mapped
T0848,Rogue Master,ics,technique,,cannot_simulate_yet,initial-access,None,ics-ot,Application Log Content; Asset Inventory; Device Alarm; Network Traffic Content; Network Traffic Flow,,guidance_only,,0,not_integrated,mapped
T0849,Masquerading,ics,technique,,cannot_simulate_yet,evasion,None,ics-ot,Command Execution; File Metadata; File Modification; Process Metadata; Scheduled Job Creation; Scheduled Job Modification; Service Creation; Service Modification,,guidance_only,,0,not_integrated,mapped
T0851,Rootkit,ics,technique,,cannot_simulate_yet,evasion; inhibit-response-function,None,ics-ot,Firmware Modification,,guidance_only,,0,not_integrated,mapped
T0852,Screen Capture,ics,technique,,cannot_simulate_yet,collection,None,ics-ot,Command Execution; OS API Execution,,guidance_only,,0,not_integrated,mapped
T0853,Scripting,ics,technique,,cannot_simulate_yet,execution,None,ics-ot,Command Execution; Module Load; Process Creation; Process Metadata; Script Execution,,guidance_only,,0,not_integrated,mapped
T0858,Change Operating Mode,ics,technique,,cannot_simulate_yet,evasion; execution,None,ics-ot,Application Log Content; Device Alarm; Network Traffic Content,,guidance_only,,0,not_integrated,mapped
T0859,Valid Accounts,ics,technique,,cannot_simulate_yet,lateral-movement; persistence,None,ics-ot,Logon Session Creation; Logon Session Metadata; User Account Authentication,,guidance_only,,0,not_integrated,mapped
T0860,Wireless Compromise,ics,technique,,cannot_simulate_yet,initial-access,None,ics-ot,Application Log Content; Logon Session Creation; Network Traffic Flow,,guidance_only,,0,not_integrated,mapped
T0861,Point & Tag Identification,ics,technique,,cannot_simulate_yet,collection,None,ics-ot,Application Log Content; Network Traffic Content,,guidance_only,,0,not_integrated,mapped
T0862,Supply Chain Compromise,ics,technique,,cannot_simulate_yet,initial-access,None,ics-ot,File Metadata,,guidance_only,,0,not_integrated,mapped
T0863,User Execution,ics,technique,,cannot_simulate_yet,execution,None,ics-ot,Application Log Content; Command Execution; File Access; Network Connection Creation; Network Traffic Content; Process Creation,,guidance_only,,0,not_integrated,mapped
T0864,Transient Cyber Asset,ics,technique,,cannot_simulate_yet,initial-access,None,ics-ot,Application Log Content; Network Traffic Flow,,guidance_only,,0,not_integrated,mapped
T0865,Spearphishing Attachment,ics,technique,,cannot_simulate_yet,initial-access,None,ics-ot,Application Log Content; File Creation; Network Traffic Content; Process Creation,,guidance_only,,0,not_integrated,mapped
T0866,Exploitation of Remote Services,ics,technique,,cannot_simulate_yet,initial-access; lateral-movement,None,ics-ot,Application Log Content; Network Traffic Content,,guidance_only,,0,not_integrated,mapped
T0867,Lateral Tool Transfer,ics,technique,,cannot_simulate_yet,lateral-movement,None,ics-ot,Command Execution; File Creation; File Metadata; Network Share Access; Network Traffic Content; Network Traffic Flow; Process Creation,,guidance_only,,0,not_integrated,mapped
T0868,Detect Operating Mode,ics,technique,,cannot_simulate_yet,collection,None,ics-ot,Network Traffic Content,,guidance_only,,0,not_integrated,mapped
T0869,Standard Application Layer Protocol,ics,technique,,cannot_simulate_yet,command-and-control,None,ics-ot,Network Traffic Content; Network Traffic Flow,,guidance_only,,0,not_integrated,mapped
T0871,Execution through API,ics,technique,,cannot_simulate_yet,execution,None,ics-ot,OS API Execution,,guidance_only,,0,not_integrated,mapped
T0872,Indicator Removal on Host,ics,technique,,cannot_simulate_yet,evasion,None,ics-ot,Command Execution; File Deletion; File Metadata; File Modification; OS API Execution; Process Creation; Windows Registry Key Deletion; Windows Registry Key Modification,,guidance_only,,0,not_integrated,mapped
T0873,Project File Infection,ics,technique,,cannot_simulate_yet,persistence,None,ics-ot,File Modification,,guidance_only,,0,not_integrated,mapped
T0873.001,Siemens Project File Format,ics,subtechnique,T0873,cannot_simulate_yet,persistence,,ics-ot,File Modification,,guidance_only,,0,not_integrated,mapped
T0874,Hooking,ics,technique,,cannot_simulate_yet,execution; privilege-escalation,None,ics-ot,OS API Execution; Process Metadata,,guidance_only,,0,not_integrated,mapped
T0877,I/O Image,ics,technique,,cannot_simulate_yet,collection,None,ics-ot,Software,,guidance_only,,0,not_integrated,mapped
T0878,Alarm Suppression,ics,technique,,cannot_simulate_yet,inhibit-response-function,None,ics-ot,Device Alarm; Network Traffic Flow; Process History/Live Data; Process/Event Alarm,,guidance_only,,0,not_integrated,mapped
T0879,Damage to Property,ics,technique,,cannot_simulate_yet,impact,None,ics-ot,Proposed: Equipment condition measurements; Proposed: Physical inspection and incident records,,guidance_only,,0,not_integrated,source_mapping_gap
T0880,Loss of Safety,ics,technique,,cannot_simulate_yet,impact,None,ics-ot,Proposed: Safety-system diagnostics; Proposed: Independent physical process measurements,,guidance_only,,0,not_integrated,source_mapping_gap
T0881,Service Stop,ics,technique,,cannot_simulate_yet,inhibit-response-function,None,ics-ot,Command Execution; File Modification; OS API Execution; Process Creation; Process Termination; Service Metadata; Windows Registry Key Modification,,guidance_only,,0,not_integrated,mapped
T0882,Theft of Operational Information,ics,technique,,cannot_simulate_yet,impact,None,ics-ot,Proposed: Operational document access audit; Proposed: Egress and transfer records,,guidance_only,,0,not_integrated,source_mapping_gap
T0883,Internet Accessible Device,ics,technique,,cannot_simulate_yet,initial-access,None,ics-ot,Logon Session Metadata; Network Traffic Content; Network Traffic Flow,,guidance_only,,0,not_integrated,mapped
T0884,Connection Proxy,ics,technique,,cannot_simulate_yet,command-and-control,None,ics-ot,Network Traffic Content; Network Traffic Flow,,guidance_only,,0,not_integrated,mapped
T0885,Commonly Used Port,ics,technique,,cannot_simulate_yet,command-and-control,None,ics-ot,Network Traffic Content; Network Traffic Flow,,guidance_only,,0,not_integrated,mapped
T0886,Remote Services,ics,technique,,cannot_simulate_yet,initial-access; lateral-movement,None,ics-ot,Command Execution; Logon Session Creation; Module Load; Network Connection Creation; Network Share Access; Network Traffic Flow; Process Creation,,guidance_only,,0,not_integrated,mapped
T0887,Wireless Sniffing,ics,technique,,cannot_simulate_yet,collection; discovery,None,ics-ot,Network Traffic Flow,,guidance_only,,0,not_integrated,mapped
T0888,Remote System Information Discovery,ics,technique,,cannot_simulate_yet,discovery,None,ics-ot,File Access; Network Traffic Content; Network Traffic Flow; Process Creation,,guidance_only,,0,not_integrated,mapped
T0889,Modify Program,ics,technique,,cannot_simulate_yet,persistence,None,ics-ot,Application Log Content; Device Alarm; Network Traffic Content; Software,,guidance_only,,0,not_integrated,mapped
T0890,Exploitation for Privilege Escalation,ics,technique,,cannot_simulate_yet,privilege-escalation,None,ics-ot,Application Log Content,,guidance_only,,0,not_integrated,mapped
T0892,Change Credential,ics,technique,,cannot_simulate_yet,inhibit-response-function,None,ics-ot,Device Alarm; Network Traffic Content,,guidance_only,,0,not_integrated,mapped
T0893,Data from Local System,ics,technique,,cannot_simulate_yet,collection,None,ics-ot,Command Execution; File Access; OS API Execution; Process Creation; Script Execution,,guidance_only,,0,not_integrated,mapped
T0894,System Binary Proxy Execution,ics,technique,,cannot_simulate_yet,evasion,None,ics-ot,Command Execution; Process Creation; Script Execution,,guidance_only,,0,not_integrated,mapped
T0895,Autorun Image,ics,technique,,cannot_simulate_yet,execution,,ics-ot,Drive Creation; Process Creation,,guidance_only,,0,not_integrated,mapped
T1691,Block Operational Technology Message,ics,technique,,cannot_simulate_yet,inhibit-response-function,,ics-ot,Application Log Content; Network Traffic Flow; Process History/Live Data; Process Termination; Process/Event Alarm,,guidance_only,,0,not_integrated,mapped
T1691.001,Command Message,ics,subtechnique,T1691,cannot_simulate_yet,inhibit-response-function,,ics-ot,Application Log Content; Network Traffic Flow; Process History/Live Data; Process Termination; Process/Event Alarm,,guidance_only,,0,not_integrated,mapped
T1691.002,Reporting Message,ics,subtechnique,T1691,cannot_simulate_yet,inhibit-response-function,,ics-ot,Application Log Content; Network Traffic Flow; Process History/Live Data; Process Termination; Process/Event Alarm,,guidance_only,,0,not_integrated,mapped
T1692,Unauthorized Message,ics,technique,,cannot_simulate_yet,evasion; impair-process-control,,ics-ot,Network Traffic Content; Network Traffic Flow,,guidance_only,,0,not_integrated,mapped
T1692.001,Command Message,ics,subtechnique,T1692,cannot_simulate_yet,evasion; impair-process-control,,ics-ot,Application Log Content; Network Traffic Content; Network Traffic Flow; Process History/Live Data; Process/Event Alarm,,guidance_only,,0,not_integrated,mapped
T1692.002,Reporting Message,ics,subtechnique,T1692,cannot_simulate_yet,evasion; impair-process-control,,ics-ot,Device Alarm; Network Traffic Content; Network Traffic Flow; Windows Registry Key Modification,,guidance_only,,0,not_integrated,mapped
T1693,Modify Firmware,ics,technique,,cannot_simulate_yet,impair-process-control; inhibit-response-function; persistence,,ics-ot,Application Log Content; Device Alarm; Firmware Modification; Network Traffic Content,,guidance_only,,0,not_integrated,mapped
T1693.001,System Firmware,ics,subtechnique,T1693,cannot_simulate_yet,impair-process-control; inhibit-response-function; persistence,,ics-ot,Application Log Content; Device Alarm; Firmware Modification; Network Traffic Content,,guidance_only,,0,not_integrated,mapped
T1693.002,Module Firmware,ics,subtechnique,T1693,cannot_simulate_yet,impair-process-control; inhibit-response-function; persistence,,ics-ot,Application Log Content; Device Alarm; Firmware Modification; Network Traffic Content,,guidance_only,,0,not_integrated,mapped
T1694,Insecure Credentials,ics,technique,,cannot_simulate_yet,lateral-movement; persistence,,ics-ot,Logon Session Creation; Network Traffic Content,,guidance_only,,0,not_integrated,mapped
T1694.001,Default Credentials,ics,subtechnique,T1694,cannot_simulate_yet,lateral-movement; persistence,,ics-ot,Logon Session Creation; Network Traffic Content,,guidance_only,,0,not_integrated,mapped
T1694.002,Hardcoded Credentials,ics,subtechnique,T1694,cannot_simulate_yet,lateral-movement; persistence,,ics-ot,Logon Session Creation; Network Traffic Content,,guidance_only,,0,not_integrated,mapped
T1695,Block Communications,ics,technique,,cannot_simulate_yet,inhibit-response-function,,ics-ot,Application Log Content; Network Traffic Flow; Process History/Live Data; Process Termination; Process/Event Alarm,,guidance_only,,0,not_integrated,mapped
T1695.001,Serial COM,ics,subtechnique,T1695,cannot_simulate_yet,inhibit-response-function,,ics-ot,Application Log Content; Network Traffic Flow; Process History/Live Data; Process Termination; Process/Event Alarm,,guidance_only,,0,not_integrated,mapped
T1695.002,Ethernet,ics,subtechnique,T1695,cannot_simulate_yet,inhibit-response-function,,ics-ot,Application Log Content; Network Traffic Flow; Process History/Live Data; Process Termination; Process/Event Alarm,,guidance_only,,0,not_integrated,mapped
T1695.003,Wi-Fi,ics,subtechnique,T1695,cannot_simulate_yet,inhibit-response-function,,ics-ot,Application Log Content; Network Traffic Flow; Process History/Live Data; Process Termination; Process/Event Alarm,,guidance_only,,0,not_integrated,mapped
T1398,Boot or Logon Initialization Scripts,mobile,technique,,cannot_simulate_yet,persistence,Android; iOS,mobile,Application Assets; File Metadata; File Modification; Host Status; Process Creation,,guidance_only,,0,not_integrated,mapped
T1404,Exploitation for Privilege Escalation,mobile,technique,,cannot_simulate_yet,privilege-escalation,Android; iOS,mobile,API Calls; Host Status; OS API Execution; Process Creation,,guidance_only,,0,not_integrated,mapped
T1406,Obfuscated Files or Information,mobile,technique,,cannot_simulate_yet,defense-evasion,Android; iOS,mobile,API Calls; File Creation; Module Load; Network Traffic Content; OS API Execution; Process Access,FlexiSpy,guidance_only,,0,not_integrated,mapped
T1406.001,Steganography,mobile,subtechnique,T1406,cannot_simulate_yet,defense-evasion,Android,mobile,File Creation; File Modification; Network Traffic Content,,guidance_only,,0,not_integrated,mapped
T1406.002,Software Packing,mobile,subtechnique,T1406,cannot_simulate_yet,defense-evasion,Android; iOS,mobile,File Creation; Module Load; OS API Execution; Process Creation,,guidance_only,,0,not_integrated,mapped
T1407,Download New Code at Runtime,mobile,technique,,cannot_simulate_yet,defense-evasion,Android; iOS,mobile,File Creation; Module Load; Network Traffic Content; OS API Execution,,guidance_only,,0,not_integrated,mapped
T1409,Stored Application Data,mobile,technique,,cannot_simulate_yet,collection,Android; iOS,mobile,Application Log Content; File Access; File Creation; OS API Execution; Process Access,FlexiSpy,guidance_only,,0,not_integrated,mapped
T1414,Clipboard Data,mobile,technique,,cannot_simulate_yet,collection; credential-access,Android; iOS,mobile,Application Log Content; File Creation; OS API Execution; Process Access; System Notifications,,guidance_only,,0,not_integrated,mapped
T1417,Input Capture,mobile,technique,,cannot_simulate_yet,collection; credential-access,Android; iOS,mobile,Application Log Content; File Creation; OS API Execution; Process Access,,guidance_only,,0,not_integrated,mapped
T1417.001,Keylogging,mobile,subtechnique,T1417,cannot_simulate_yet,collection; credential-access,Android; iOS,mobile,Application Log Content; File Creation; OS API Execution; Process Access,FlexiSpy,guidance_only,,0,not_integrated,mapped
T1417.002,GUI Input Capture,mobile,subtechnique,T1417,cannot_simulate_yet,collection; credential-access,Android; iOS,mobile,Application Log Content; File Creation; Network Traffic Content; OS API Execution; Process Access; Process Creation,Xbot,guidance_only,,0,not_integrated,mapped
T1418,Software Discovery,mobile,technique,,cannot_simulate_yet,discovery,Android; iOS,mobile,Application Log Content; Command Execution; File Creation; OS API Execution,FlexiSpy,guidance_only,,0,not_integrated,mapped
T1418.001,Security Software Discovery,mobile,subtechnique,T1418,cannot_simulate_yet,discovery,Android; iOS,mobile,Application Log Content; Command Execution; File Creation; OS API Execution; Process Access,,guidance_only,,0,not_integrated,mapped
T1420,File and Directory Discovery,mobile,technique,,cannot_simulate_yet,discovery,Android; iOS,mobile,Application Log Content; Application Permission; File Access; OS API Execution,,guidance_only,,0,not_integrated,mapped
T1421,System Network Connections Discovery,mobile,technique,,cannot_simulate_yet,discovery,Android,mobile,Host Status; Network Traffic Content; OS API Execution,FlexiSpy,guidance_only,,0,not_integrated,mapped
T1422,System Network Configuration Discovery,mobile,technique,,cannot_simulate_yet,discovery,Android; iOS,mobile,Application Permission,,guidance_only,,0,not_integrated,mapped
T1422.001,Internet Connection Discovery,mobile,subtechnique,T1422,cannot_simulate_yet,discovery,Android; iOS,mobile,Application Permission,,guidance_only,,0,not_integrated,mapped
T1422.002,Wi-Fi Discovery,mobile,subtechnique,T1422,cannot_simulate_yet,discovery,Android; iOS,mobile,Application Permission,,guidance_only,,0,not_integrated,mapped
T1423,Network Service Scanning,mobile,technique,,cannot_simulate_yet,discovery,Android; iOS,mobile,Proposed: Lab gateway network flows; Proposed: Device-to-destination connection fan-out,,guidance_only,,0,not_integrated,source_mapping_gap
T1424,Process Discovery,mobile,technique,,cannot_simulate_yet,discovery,Android; iOS,mobile,Application Log Content; File Access; Host Status; OS API Execution; Process Creation,,guidance_only,,0,not_integrated,mapped
T1426,System Information Discovery,mobile,technique,,cannot_simulate_yet,discovery,Android; iOS,mobile,OS API Execution,,guidance_only,,0,not_integrated,mapped
T1428,Exploitation of Remote Services,mobile,technique,,cannot_simulate_yet,lateral-movement,Android; iOS,mobile,Host Status; Network Traffic Content,,guidance_only,,0,not_integrated,mapped
T1429,Audio Capture,mobile,technique,,cannot_simulate_yet,collection,Android; iOS,mobile,Application Permission; OS API Execution; Process Creation; System Settings,FlexiSpy,guidance_only,,0,not_integrated,mapped
T1430,Location Tracking,mobile,technique,,cannot_simulate_yet,collection; discovery,Android; iOS,mobile,Application Permission; OS API Execution; Process Access,FlexiSpy,guidance_only,,0,not_integrated,mapped
T1430.001,Remote Device Management Services,mobile,subtechnique,T1430,cannot_simulate_yet,collection; discovery,Android; iOS,mobile,Cloud Service Enumeration; User Account Authentication,,guidance_only,,0,not_integrated,mapped
T1430.002,Impersonate SS7 Nodes,mobile,subtechnique,T1430,cannot_simulate_yet,collection; discovery,Android; iOS,mobile,Network Traffic Content; Network Traffic Flow,,guidance_only,,0,not_integrated,mapped
T1437,Application Layer Protocol,mobile,technique,,cannot_simulate_yet,command-and-control,Android; iOS,mobile,Network Traffic Content; Network Traffic Flow; OS API Execution,,guidance_only,,0,not_integrated,mapped
T1437.001,Web Protocols,mobile,subtechnique,T1437,cannot_simulate_yet,command-and-control,Android; iOS,mobile,Network Traffic Content,,guidance_only,,0,not_integrated,mapped
T1451,SIM Card Swap,mobile,technique,,cannot_simulate_yet,initial-access,Android; iOS,mobile,Application Permission; Network Traffic Content; OS API Execution; System Settings,,guidance_only,,0,not_integrated,mapped
T1453,Abuse Accessibility Features,mobile,technique,,cannot_simulate_yet,collection; credential-access,Android,mobile,OS API Execution; System Settings,,guidance_only,,0,not_integrated,mapped
T1456,Drive-By Compromise,mobile,technique,,cannot_simulate_yet,initial-access,Android; iOS,mobile,Application Permission; File Creation; Network Traffic Content; OS API Execution; Process Creation,,guidance_only,,0,not_integrated,mapped
T1458,Replication Through Removable Media,mobile,technique,,cannot_simulate_yet,initial-access; lateral-movement,Android; iOS,mobile,Application Permission; File Creation; Host Status; OS API Execution; Process Creation; Protected Configuration; System Settings,,guidance_only,,0,not_integrated,mapped
T1461,Lockscreen Bypass,mobile,technique,,cannot_simulate_yet,initial-access,Android; iOS,mobile,Application Permission; Application State; Protected Configuration,,guidance_only,,0,not_integrated,mapped
T1464,Network Denial of Service,mobile,technique,,cannot_simulate_yet,impact,Android; iOS,mobile,Application Permission; Application State; OS API Execution; Protected Configuration; System Settings,,guidance_only,,0,not_integrated,mapped
T1471,Data Encrypted for Impact,mobile,technique,,cannot_simulate_yet,impact,Android,mobile,Application Permission; Application State; OS API Execution; Protected Configuration,Xbot,guidance_only,,0,not_integrated,mapped
T1474,Supply Chain Compromise,mobile,technique,,cannot_simulate_yet,initial-access,Android; iOS,mobile,Application Permission; Application State; OS API Execution; Protected Configuration,,guidance_only,,0,not_integrated,mapped
T1474.001,Compromise Software Dependencies and Development Tools,mobile,subtechnique,T1474,cannot_simulate_yet,initial-access,Android; iOS,mobile,Application Permission; Application State; OS API Execution; Protected Configuration,,guidance_only,,0,not_integrated,mapped
T1474.002,Compromise Hardware Supply Chain,mobile,subtechnique,T1474,cannot_simulate_yet,initial-access,Android; iOS,mobile,Application Permission; Application State; Network Traffic Content; OS API Execution,,guidance_only,,0,not_integrated,mapped
T1474.003,Compromise Software Supply Chain,mobile,subtechnique,T1474,cannot_simulate_yet,initial-access,Android; iOS,mobile,Application Permission; Application State; File Creation; OS API Execution,,guidance_only,,0,not_integrated,mapped
T1481,Web Service,mobile,technique,,cannot_simulate_yet,command-and-control,Android; iOS,mobile,Application Permission; Application State; File Creation; Network Traffic Content; OS API Execution,,guidance_only,,0,not_integrated,mapped
T1481.001,Dead Drop Resolver,mobile,subtechnique,T1481,cannot_simulate_yet,command-and-control,Android; iOS,mobile,Application Permission; Application State; Network Traffic Content; OS API Execution,,guidance_only,,0,not_integrated,mapped
T1481.002,Bidirectional Communication,mobile,subtechnique,T1481,cannot_simulate_yet,command-and-control,Android; iOS,mobile,Application Permission; Application State; File Creation; Network Traffic Content; OS API Execution,,guidance_only,,0,not_integrated,mapped
T1481.003,One-Way Communication,mobile,subtechnique,T1481,cannot_simulate_yet,command-and-control,Android; iOS,mobile,Application Permission; Application State; Network Traffic Content,,guidance_only,,0,not_integrated,mapped
T1509,Non-Standard Port,mobile,technique,,cannot_simulate_yet,command-and-control,Android; iOS,mobile,Application Permission; Application State; Network Traffic Content; OS API Execution,FlexiSpy,guidance_only,,0,not_integrated,mapped
T1512,Video Capture,mobile,technique,,cannot_simulate_yet,collection,Android; iOS,mobile,Application Permission; Application State; File Creation; OS API Execution; System Settings,FlexiSpy,guidance_only,,0,not_integrated,mapped
T1513,Screen Capture,mobile,technique,,cannot_simulate_yet,collection,Android,mobile,Application Permission; Application State; OS API Execution,FlexiSpy,guidance_only,,0,not_integrated,mapped
T1516,Input Injection,mobile,technique,,cannot_simulate_yet,defense-evasion; impact,Android,mobile,Application State; OS API Execution,,guidance_only,,0,not_integrated,mapped
T1517,Access Notifications,mobile,technique,,cannot_simulate_yet,collection; credential-access,Android,mobile,Application Permission; Application State; OS API Execution,,guidance_only,,0,not_integrated,mapped
T1521,Encrypted Channel,mobile,technique,,cannot_simulate_yet,command-and-control,Android; iOS,mobile,Application Permission; Application State; File Creation; OS API Execution,,guidance_only,,0,not_integrated,mapped
T1521.001,Symmetric Cryptography,mobile,subtechnique,T1521,cannot_simulate_yet,command-and-control,Android; iOS,mobile,Application Permission; Application State; File Creation; OS API Execution,,guidance_only,,0,not_integrated,mapped
T1521.002,Asymmetric Cryptography,mobile,subtechnique,T1521,cannot_simulate_yet,command-and-control,Android; iOS,mobile,Application Permission; Application State; File Creation; OS API Execution,,guidance_only,,0,not_integrated,mapped
T1521.003,SSL Pinning,mobile,subtechnique,T1521,cannot_simulate_yet,command-and-control,Android; iOS,mobile,Application Permission; Application State; Network Traffic Content; OS API Execution,,guidance_only,,0,not_integrated,mapped
T1532,Archive Collected Data,mobile,technique,,cannot_simulate_yet,collection,Android; iOS,mobile,Application Permission; Application State; File Creation; OS API Execution,,guidance_only,,0,not_integrated,mapped
T1533,Data from Local System,mobile,technique,,cannot_simulate_yet,collection,Android; iOS,mobile,Application Permission; File Access; OS API Execution,FlexiSpy,guidance_only,,0,not_integrated,mapped
T1541,Foreground Persistence,mobile,technique,,cannot_simulate_yet,defense-evasion; persistence,Android,mobile,Application State; OS API Execution; System Settings,,guidance_only,,0,not_integrated,mapped
T1544,Ingress Tool Transfer,mobile,technique,,cannot_simulate_yet,command-and-control,Android; iOS,mobile,Application Permission; Application State; File Creation; Network Traffic Content; OS API Execution,,guidance_only,,0,not_integrated,mapped
T1575,Native API,mobile,technique,,cannot_simulate_yet,defense-evasion; execution,Android,mobile,Application Permission; Application State; OS API Execution,,guidance_only,,0,not_integrated,mapped
T1577,Compromise Application Executable,mobile,technique,,cannot_simulate_yet,persistence,Android,mobile,Application Permission; Application State; File Creation; OS API Execution,,guidance_only,,0,not_integrated,mapped
T1582,SMS Control,mobile,technique,,cannot_simulate_yet,impact,Android,mobile,Application Permission; File Modification; OS API Execution,,guidance_only,,0,not_integrated,mapped
T1603,Scheduled Task/Job,mobile,technique,,cannot_simulate_yet,execution; persistence,Android; iOS,mobile,OS API Execution; Scheduled Job Creation,,guidance_only,,0,not_integrated,mapped
T1604,Proxy Through Victim,mobile,technique,,cannot_simulate_yet,defense-evasion,Android,mobile,Application Permission; Network Traffic Content; Network Traffic Flow; OS API Execution,,guidance_only,,0,not_integrated,mapped
T1616,Call Control,mobile,technique,,cannot_simulate_yet,collection; command-and-control; impact,Android,mobile,Application Permission; File Modification; OS API Execution,,guidance_only,,0,not_integrated,mapped
T1617,Hooking,mobile,technique,,cannot_simulate_yet,defense-evasion,Android,mobile,Application Permission; OS API Execution,,guidance_only,,0,not_integrated,mapped
T1623,Command and Scripting Interpreter,mobile,technique,,cannot_simulate_yet,execution,Android; iOS,mobile,Command Execution; Process Creation,,guidance_only,,0,not_integrated,mapped
T1623.001,Unix Shell,mobile,subtechnique,T1623,cannot_simulate_yet,execution,Android; iOS,mobile,Command Execution; Process Creation,,guidance_only,,0,not_integrated,mapped
T1624,Event Triggered Execution,mobile,technique,,cannot_simulate_yet,persistence,Android,mobile,Application State; OS API Execution,,guidance_only,,0,not_integrated,mapped
T1624.001,Broadcast Receivers,mobile,subtechnique,T1624,cannot_simulate_yet,persistence,Android,mobile,OS API Execution,FlexiSpy,guidance_only,,0,not_integrated,mapped
T1625,Hijack Execution Flow,mobile,technique,,cannot_simulate_yet,persistence,Android,mobile,File Access; OS API Execution; Process Creation,,guidance_only,,0,not_integrated,mapped
T1625.001,System Runtime API Hijacking,mobile,subtechnique,T1625,cannot_simulate_yet,persistence,Android,mobile,OS API Execution,FlexiSpy,guidance_only,,0,not_integrated,mapped
T1626,Abuse Elevation Control Mechanism,mobile,technique,,cannot_simulate_yet,privilege-escalation,Android,mobile,Application Permission; OS API Execution,,guidance_only,,0,not_integrated,mapped
T1626.001,Device Administrator Permissions,mobile,subtechnique,T1626,cannot_simulate_yet,privilege-escalation,Android,mobile,Application Permission; OS API Execution,,guidance_only,,0,not_integrated,mapped
T1627,Execution Guardrails,mobile,technique,,cannot_simulate_yet,defense-evasion,Android; iOS,mobile,Application Permission; Application State; OS API Execution,,guidance_only,,0,not_integrated,mapped
T1627.001,Geofencing,mobile,subtechnique,T1627,cannot_simulate_yet,defense-evasion,Android; iOS,mobile,Application Permission; Application State; OS API Execution,,guidance_only,,0,not_integrated,mapped
T1628,Hide Artifacts,mobile,technique,,cannot_simulate_yet,defense-evasion,Android,mobile,Application Permission,,guidance_only,,0,not_integrated,mapped
T1628.001,Suppress Application Icon,mobile,subtechnique,T1628,cannot_simulate_yet,defense-evasion,Android,mobile,Application Permission; OS API Execution,FlexiSpy,guidance_only,,0,not_integrated,mapped
T1628.002,User Evasion,mobile,subtechnique,T1628,cannot_simulate_yet,defense-evasion,Android,mobile,Application State; OS API Execution,,guidance_only,,0,not_integrated,mapped
T1628.003,Conceal Multimedia Files,mobile,subtechnique,T1628,cannot_simulate_yet,defense-evasion,Android,mobile,Proposed: Instrumented Android filesystem changes; Proposed: Media inventory comparison,,guidance_only,,0,not_integrated,source_mapping_gap
T1629,Impair Defenses,mobile,technique,,cannot_simulate_yet,defense-evasion,Android,mobile,Application Permission; Application State; OS API Execution,,guidance_only,,0,not_integrated,mapped
T1629.001,Prevent Application Removal,mobile,subtechnique,T1629,cannot_simulate_yet,defense-evasion,Android,mobile,Application Permission; OS API Execution,,guidance_only,,0,not_integrated,mapped
T1629.002,Device Lockout,mobile,subtechnique,T1629,cannot_simulate_yet,defense-evasion,Android,mobile,Application Permission; OS API Execution,,guidance_only,,0,not_integrated,mapped
T1629.003,Disable or Modify Tools,mobile,subtechnique,T1629,cannot_simulate_yet,defense-evasion,Android,mobile,Application Permission; File Creation; OS API Execution,,guidance_only,,0,not_integrated,mapped
T1630,Indicator Removal on Host,mobile,technique,,cannot_simulate_yet,defense-evasion,iOS; Android,mobile,Application Permission; OS API Execution; System Settings,,guidance_only,,0,not_integrated,mapped
T1630.001,Uninstall Malicious Application,mobile,subtechnique,T1630,cannot_simulate_yet,defense-evasion,Android,mobile,Application Permission; File Deletion; OS API Execution,,guidance_only,,0,not_integrated,mapped
T1630.002,File Deletion,mobile,subtechnique,T1630,cannot_simulate_yet,defense-evasion,Android,mobile,Application Permission; File Deletion; OS API Execution,FlexiSpy,guidance_only,,0,not_integrated,mapped
T1630.003,Disguise Root/Jailbreak Indicators,mobile,subtechnique,T1630,cannot_simulate_yet,defense-evasion,Android; iOS,mobile,Host Status,,guidance_only,,0,not_integrated,mapped
T1631,Process Injection,mobile,technique,,cannot_simulate_yet,defense-evasion; privilege-escalation,Android; iOS,mobile,API Calls,,guidance_only,,0,not_integrated,mapped
T1631.001,Ptrace System Calls,mobile,subtechnique,T1631,cannot_simulate_yet,defense-evasion; privilege-escalation,Android; iOS,mobile,API Calls,,guidance_only,,0,not_integrated,mapped
T1632,Subvert Trust Controls,mobile,technique,,cannot_simulate_yet,defense-evasion,Android; iOS,mobile,System Settings,,guidance_only,,0,not_integrated,mapped
T1632.001,Code Signing Policy Modification,mobile,subtechnique,T1632,cannot_simulate_yet,defense-evasion,Android; iOS,mobile,System Settings,,guidance_only,,0,not_integrated,mapped
T1633,Virtualization/Sandbox Evasion,mobile,technique,,cannot_simulate_yet,defense-evasion,Android; iOS,mobile,API Calls,,guidance_only,,0,not_integrated,mapped
T1633.001,System Checks,mobile,subtechnique,T1633,cannot_simulate_yet,defense-evasion,Android; iOS,mobile,API Calls,,guidance_only,,0,not_integrated,mapped
T1634,Credentials from Password Store,mobile,technique,,cannot_simulate_yet,credential-access,iOS,mobile,API Calls; Host Status,,guidance_only,,0,not_integrated,mapped
T1634.001,Keychain,mobile,subtechnique,T1634,cannot_simulate_yet,credential-access,iOS,mobile,API Calls; Host Status,,guidance_only,,0,not_integrated,mapped
T1635,Steal Application Access Token,mobile,technique,,cannot_simulate_yet,credential-access,Android; iOS,mobile,API Calls; Application Log Content; File Access; OS API Execution; System Notifications,,guidance_only,,0,not_integrated,mapped
T1635.001,URI Hijacking,mobile,subtechnique,T1635,cannot_simulate_yet,credential-access,Android; iOS,mobile,API Calls; System Notifications,,guidance_only,,0,not_integrated,mapped
T1636,Protected User Data,mobile,technique,,cannot_simulate_yet,collection,Android; iOS,mobile,Application Permission; System Settings,,guidance_only,,0,not_integrated,mapped
T1636.001,Calendar Entries,mobile,subtechnique,T1636,cannot_simulate_yet,collection,Android; iOS,mobile,Application Permission; OS API Execution; System Settings,FlexiSpy,guidance_only,,0,not_integrated,mapped
T1636.002,Call Log,mobile,subtechnique,T1636,cannot_simulate_yet,collection,Android; iOS,mobile,Application Permission; OS API Execution; System Settings,,guidance_only,,0,not_integrated,mapped
T1636.003,Contact List,mobile,subtechnique,T1636,cannot_simulate_yet,collection,Android; iOS,mobile,Application Permission; OS API Execution; System Settings,FlexiSpy,guidance_only,,0,not_integrated,mapped
T1636.004,SMS Messages,mobile,subtechnique,T1636,cannot_simulate_yet,collection,Android; iOS,mobile,Application Permission; System Settings,FlexiSpy; Xbot,guidance_only,,0,not_integrated,mapped
T1636.005,Accounts,mobile,subtechnique,T1636,cannot_simulate_yet,collection,Android; iOS,mobile,Application Permission; OS API Execution,,guidance_only,,0,not_integrated,mapped
T1637,Dynamic Resolution,mobile,technique,,cannot_simulate_yet,command-and-control,Android; iOS,mobile,Network Communication,,guidance_only,,0,not_integrated,mapped
T1637.001,Domain Generation Algorithms,mobile,subtechnique,T1637,cannot_simulate_yet,command-and-control,Android; iOS,mobile,Network Communication,,guidance_only,,0,not_integrated,mapped
T1638,Adversary-in-the-Middle,mobile,technique,,cannot_simulate_yet,collection,Android; iOS,mobile,Network Connection Creation; Permissions Request; Protected Configuration,,guidance_only,,0,not_integrated,mapped
T1639,Exfiltration Over Alternative Protocol,mobile,technique,,cannot_simulate_yet,exfiltration,Android; iOS,mobile,Proposed: Lab gateway network flows; Proposed: Protocol-aware egress monitoring,,guidance_only,,0,not_integrated,source_mapping_gap
T1639.001,Exfiltration Over Unencrypted Non-C2 Protocol,mobile,subtechnique,T1639,cannot_simulate_yet,exfiltration,Android; iOS,mobile,Proposed: Authorized lab packet capture; Proposed: Protocol-aware egress monitoring,,guidance_only,,0,not_integrated,source_mapping_gap
T1640,Account Access Removal,mobile,technique,,cannot_simulate_yet,impact,Android,mobile,Application Permission,,guidance_only,,0,not_integrated,mapped
T1641,Data Manipulation,mobile,technique,,cannot_simulate_yet,impact,Android,mobile,API Calls,,guidance_only,,0,not_integrated,mapped
T1641.001,Transmitted Data Manipulation,mobile,subtechnique,T1641,cannot_simulate_yet,impact,Android,mobile,API Calls,,guidance_only,,0,not_integrated,mapped
T1642,Endpoint Denial of Service,mobile,technique,,cannot_simulate_yet,impact,Android; iOS,mobile,Application Permission; System Settings,Xbot,guidance_only,,0,not_integrated,mapped
T1643,Generate Traffic from Victim,mobile,technique,,cannot_simulate_yet,impact,Android; iOS,mobile,Application Permission; System Settings,,guidance_only,,0,not_integrated,mapped
T1644,Out of Band Data,mobile,technique,,cannot_simulate_yet,command-and-control,Android; iOS,mobile,System Notifications,,guidance_only,,0,not_integrated,mapped
T1645,Compromise Client Software Binary,mobile,technique,,cannot_simulate_yet,persistence,Android; iOS,mobile,API Calls; Host Status,,guidance_only,,0,not_integrated,mapped
T1646,Exfiltration Over C2 Channel,mobile,technique,,cannot_simulate_yet,exfiltration,Android; iOS,mobile,Proposed: Lab gateway network flows; Proposed: Outbound transfer volume and destination context,,guidance_only,,0,not_integrated,source_mapping_gap
T1655,Masquerading,mobile,technique,,cannot_simulate_yet,defense-evasion,Android; iOS,mobile,API Calls; System Notifications,,guidance_only,,0,not_integrated,mapped
T1655.001,Match Legitimate Name or Location,mobile,subtechnique,T1655,cannot_simulate_yet,defense-evasion,Android; iOS,mobile,API Calls; System Notifications,,guidance_only,,0,not_integrated,mapped
T1658,Exploitation for Client Execution,mobile,technique,,cannot_simulate_yet,execution,Android; iOS,mobile,Network Communication,,guidance_only,,0,not_integrated,mapped
T1660,Phishing,mobile,technique,,cannot_simulate_yet,initial-access,Android; iOS,mobile,Network Traffic Content; Network Traffic Flow,,guidance_only,,0,not_integrated,mapped
T1661,Application Versioning,mobile,technique,,cannot_simulate_yet,defense-evasion; initial-access,Android; iOS,mobile,API Calls; Application Permission; Network Communication,,guidance_only,,0,not_integrated,mapped
T1662,Data Destruction,mobile,technique,,cannot_simulate_yet,impact,Android,mobile,API Calls; Application Permission; Command Execution; Permissions Request; System Settings,,guidance_only,,0,not_integrated,mapped
T1663,Remote Access Software,mobile,technique,,cannot_simulate_yet,command-and-control,Android; iOS,mobile,Permissions Request,,guidance_only,,0,not_integrated,mapped
T1664,Exploitation for Initial Access,mobile,technique,,cannot_simulate_yet,initial-access,Android; iOS,mobile,Host Status,,guidance_only,,0,not_integrated,mapped
T1670,Virtualization Solution,mobile,technique,,cannot_simulate_yet,defense-evasion,Android,mobile,Application Permission; OS API Execution; Permissions Request,,guidance_only,,0,not_integrated,mapped
T1676,Linked Devices,mobile,technique,,cannot_simulate_yet,collection; persistence,Android; iOS,mobile,System Notifications,,guidance_only,,0,not_integrated,mapped
